Name,Smiles,Formula,MW,#Heavy atoms,#Aromatic heavy atoms,Fraction Csp3,#Rotatable bonds,#H-bond acceptors,#H-bond donors,MR,TPSA,iLOGP,XLOGP3,WLOGP,MLOGP,Silicos-IT Log P,Consensus Log P,ESOL Log S,ESOL Solubility (mg/ml),ESOL Solubility (mol/l),ESOL Class,Ali Log S,Ali Solubility (mg/ml),Ali Solubility (mol/l),Ali Class,Silicos-IT LogSw,Silicos-IT Solubility (mg/ml),Silicos-IT Solubility (mol/l),Silicos-IT class,GI absorption,BBB permeant,Pgp substrate,CYP1A2 inhibitor,CYP2C19 inhibitor,CYP2C9 inhibitor,CYP2D6 inhibitor,CYP3A4 inhibitor,log Kp (cm/s),Lipinski #violations,Ghose #violations,Veber #violations,Egan #violations,Muegge #violations,Bioavailability Score,PAINS #alerts,Brenk #alerts,Leadlikeness #violations,Synthetic Accessibility
Acridine,C12=C(N=C3C(=C1)C=CC=C3)C=CC=C2,C13H9N,179.22,14,14,0,0,1,0,59.25,12.89,2.24,3.4,3.39,3.06,3.54,3.13,-3.83,2.63E-02,1.47E-04,Soluble,-3.35,8.00E-02,4.47E-04,Soluble,-5.37,7.57E-04,4.23E-06,Moderately soluble,High,Yes,Yes,Yes,No,No,No,No,-4.98,0,0,0,0,2,0.55,0,1,1,1.03
Acridine Hydrochloride,C12=C(N=C3C(=C1)C=CC=C3)C=CC=C2.Cl,C13H10ClN,215.68,15,14,0,0,1,0,66.21,12.89,0,4.2,4.19,3.33,3.54,3.05,-4.51,6.61E-03,3.06E-05,Moderately soluble,-4.18,1.42E-02,6.60E-05,Moderately soluble,-5.37,9.12E-04,4.23E-06,Moderately soluble,High,Yes,Yes,Yes,No,No,No,No,-4.63,0,0,0,0,1,0.55,0,1,2,1.15
Amiodarone Hydrochloride,C(=O)(C=1C=2C(OC1CCCC)=CC=CC2)C3=CC(I)=C(OCCN(CC)CC)C(I)=C3.Cl,C25H30ClI2NO3,681.77,32,15,0.4,11,4,0,151.3,42.68,0,8.37,7.74,4.64,8.24,5.8,-8.96,7.46E-07,1.09E-09,Poorly soluble,-9.13,5.02E-07,7.36E-10,Poorly soluble,-10.36,2.98E-08,4.37E-11,Insoluble,Low,No,Yes,No,No,No,Yes,No,-4.52,2,3,1,1,2,0.17,0,1,3,4.08
Amlodipine,C(OCC)(=O)C=1C(C(C(OC)=O)=C(C)NC1COCCN)C2=C(Cl)C=CC=C2,C20H25ClN2O5,408.88,28,6,0.4,10,6,2,108.93,99.88,3.17,3,1.89,1.33,3.21,2.52,-3.76,7.05E-02,1.72E-04,Soluble,-4.76,7.08E-03,1.73E-05,Moderately soluble,-5.62,9.85E-04,2.41E-06,Moderately soluble,High,No,Yes,Yes,Yes,Yes,No,Yes,-6.66,0,0,0,0,0,0.55,0,1,2,4.39
Amlodipine besylate,S(=O)(=O)(O)C1=CC=CC=C1.C(OCC)(=O)C=1C(C(C(OC)=O)=C(C)NC1COCCN)C2=C(Cl)C=CC=C2,C26H31ClN2O8S,567.05,38,12,0.31,11,9,3,145.23,162.63,3.67,1.39,3.9,1.77,3.21,2.79,-3.74,1.03E-01,1.82E-04,Soluble,-4.41,2.21E-02,3.90E-05,Moderately soluble,-5.62,1.37E-03,2.41E-06,Moderately soluble,Low,No,Yes,No,No,No,No,No,-8.77,1,2,2,1,1,0.55,0,2,2,5.02
Atorvastatin,C(NC1=CC=CC=C1)(=O)C=2C(=C(N(CC[C@H](C[C@H](CC(O)=O)O)O)C2C(C)C)C3=CC=C(F)C=C3)C4=CC=CC=C4,C33H35FN2O5,558.64,41,23,0.27,13,6,4,158.26,111.79,3.58,4.96,6.54,3.48,6.15,4.94,-5.99,5.78E-04,1.03E-06,Moderately soluble,-7.05,5.03E-05,9.00E-08,Poorly soluble,-9.13,4.17E-07,7.46E-10,Poorly soluble,Low,No,Yes,No,Yes,No,Yes,Yes,-6.19,1,4,1,1,0,0.56,0,0,3,4.95
Benidipine Hydrochloride,C(O[C@H]1CN(CC2=CC=CC=C2)CCC1)(=O)C=3[C@@H](C(C(OC)=O)=C(C)NC3C)C4=CC(N(=O)=O)=CC=C4.Cl,C28H32ClN3O6,542.02,38,12,0.36,9,7,1,154.71,113.69,0,5.41,4.62,2.33,2.58,2.99,-6.25,3.06E-04,5.64E-07,Poorly soluble,-7.55,1.52E-05,2.80E-08,Poorly soluble,-7.18,3.61E-05,6.65E-08,Poorly soluble,High,No,Yes,No,No,Yes,No,Yes,-5.77,1,2,0,0,1,0.55,0,2,3,5.04
Benzbromarone,C(=O)(C=1C=2C(OC1CC)=CC=CC2)C3=CC(Br)=C(O)C(Br)=C3,C17H12Br2O3,424.08,22,15,0.12,3,3,1,93.28,50.44,3.31,5.66,5.46,3.43,5.55,4.68,-6.34,1.93E-04,4.55E-07,Poorly soluble,-6.48,1.39E-04,3.28E-07,Poorly soluble,-7.57,1.13E-05,2.67E-08,Poorly soluble,High,Yes,No,Yes,Yes,Yes,No,No,-4.87,0,0,0,0,1,0.55,0,0,2,3.14
Bezafibrate,C(NCCC1=CC=C(OC(C(O)=O)(C)C)C=C1)(=O)C2=CC=C(Cl)C=C2,C19H20ClNO4,361.82,25,12,0.26,8,4,2,96.46,75.63,2.74,3.8,3.55,3.16,3.8,3.41,-4.3,1.79E-02,4.96E-05,Moderately soluble,-5.08,2.99E-03,8.27E-06,Moderately soluble,-6.23,2.13E-04,5.89E-07,Poorly soluble,High,Yes,No,Yes,Yes,Yes,Yes,Yes,-5.81,0,0,0,0,0,0.56,0,0,3,2.18
Bufexamac,C(C(NO)=O)C1=CC=C(OCCCC)C=C1,C12H17NO3,223.27,16,6,0.42,7,3,2,60.86,58.56,1.79,2.08,1.91,1.8,1.9,1.9,-2.35,9.97E-01,4.47E-03,Soluble,-2.94,2.57E-01,1.15E-03,Soluble,-3.58,5.91E-02,2.65E-04,Soluble,High,Yes,No,No,No,No,No,No,-6.19,0,0,0,0,0,0.55,0,2,1,1.86
Candesartan cilexetil,C(N1C=2C(N=C1OCC)=CC=CC2C(OC(OC(OC3CCCCC3)=O)C)=O)C4=CC=C(C=C4)C5=C(C=CC=C5)C=6NN=NN6,C33H34N6O6,610.66,45,26,0.33,13,10,1,165.77,143.34,4.31,7.11,6.32,4.14,4.95,5.36,-7.67,1.29E-05,2.11E-08,Poorly soluble,-9.94,7.02E-08,1.15E-10,Poorly soluble,-9.34,2.78E-07,4.55E-10,Poorly soluble,Low,No,No,Yes,No,Yes,No,Yes,-4.98,2,4,2,2,2,0.56,0,2,3,5.01
Chlorpromazine Hydrochloride,C(CCN(C)C)N1C=2C(SC=3C1=CC=CC3)=CC=C(Cl)C2.Cl,C17H20Cl2N2S,355.33,22,12,0.29,4,1,0,102.04,31.78,0,5.99,5.32,4.58,3.94,3.97,-5.96,3.93E-04,1.11E-06,Moderately soluble,-6.43,1.31E-04,3.68E-07,Poorly soluble,-6.28,1.89E-04,5.31E-07,Poorly soluble,High,Yes,Yes,Yes,No,No,Yes,Yes,-4.21,1,0,0,0,1,0.55,0,0,2,3.2
Cilnidipine,C(OC/C=C/C1=CC=CC=C1)(=O)C=2C(C(C(OCCOC)=O)=C(C)NC2C)C3=CC(N(=O)=O)=CC=C3,C27H28N2O7,492.52,36,12,0.26,12,7,1,139.64,119.68,4,4.11,4.31,1.87,3.42,3.54,-4.94,5.69E-03,1.15E-05,Moderately soluble,-6.33,2.31E-04,4.68E-07,Poorly soluble,-7.34,2.26E-05,4.59E-08,Poorly soluble,High,No,No,No,Yes,Yes,Yes,Yes,-6.39,0,2,1,0,0,0.55,0,2,3,4.73
Ciprofloxacin,O=C1C=2C(N(C=C1C(O)=O)C3CC3)=CC(=C(F)C2)N4CCNCC4,C17H18FN3O3,331.34,24,10,0.41,3,5,2,95.25,74.57,2.24,-1.08,1.18,1.28,1.9,1.1,-1.32,1.57E+01,4.74E-02,Very soluble,0,3.34E+02,1.01E+00,Highly soluble,-3.5,1.04E-01,3.13E-04,Soluble,High,No,Yes,No,No,No,No,No,-9.09,0,0,0,0,0,0.55,0,0,0,2.51
Clofibrate,O(C(C(OCC)=O)(C)C)C1=CC=C(Cl)C=C1,C12H15ClO3,242.7,16,6,0.42,5,3,0,63.3,35.53,2.99,3.26,3.06,2.79,3.01,3.02,-3.35,1.09E-01,4.51E-04,Soluble,-3.68,5.07E-02,2.09E-04,Soluble,-4.06,2.09E-02,8.63E-05,Moderately soluble,High,Yes,No,Yes,Yes,No,No,No,-5.47,0,0,0,0,0,0.55,0,0,1,2.09
Diclofenac Sodium,N(C1=C(CC(O)=O)C=CC=C1)C2=C(Cl)C=CC=C2Cl.[Na],C14H11Cl2NNaO2,319.14,20,12,0.07,4,2,2,77.55,49.33,-7.25,4.4,4.36,3.84,3.74,1.82,-4.77,5.41E-03,1.70E-05,Moderately soluble,-5.15,2.24E-03,7.03E-06,Moderately soluble,-5.97,3.44E-04,1.08E-06,Moderately soluble,High,Yes,Yes,No,No,No,No,No,-5.12,0,0,0,0,0,0.85,0,0,1,2.29
Doxycycline Hydrochloride,O[C@]12[C@]([C@H](N(C)C)C(O)=C(C(N)=O)C1=O)([C@@H](O)[C@]3(C(=C2O)C(=O)C=4C([C@@H]3C)=CC=CC4O)[H])[H].Cl,C22H25ClN2O8,480.9,33,6,0.41,2,9,6,117.3,181.62,0,0.78,0.45,-1.87,-0.98,-0.32,-3.32,2.33E-01,4.84E-04,Soluble,-4.17,3.22E-02,6.69E-05,Moderately soluble,-1.37,2.04E+01,4.24E-02,Soluble,Low,No,Yes,No,No,No,No,No,-8.68,1,1,1,1,2,0.11,0,1,1,5.22
Enoxacin,C(C)N1C=2C(C(=O)C(C(O)=O)=C1)=CC(F)=C(N2)N3CCNCC3,C15H17FN4O3,320.32,23,10,0.4,3,6,2,90.35,87.46,2.04,-0.2,0.32,1.07,1.28,0.9,-1.82,4.81E+00,1.50E-02,Very soluble,-1.18,2.11E+01,6.60E-02,Very soluble,-3.33,1.49E-01,4.66E-04,Soluble,High,No,Yes,No,No,No,No,No,-8.4,0,0,0,0,0,0.55,0,0,0,2.63
Fenofibrate,C(=O)(C1=CC=C(OC(C(OC(C)C)=O)(C)C)C=C1)C2=CC=C(Cl)C=C2,C20H21ClO4,360.83,25,12,0.3,7,4,0,97.98,52.6,3.67,5.17,4.68,3.54,4.95,4.4,-5.23,2.14E-03,5.92E-06,Moderately soluble,-6.02,3.44E-04,9.53E-07,Poorly soluble,-6.51,1.12E-04,3.10E-07,Poorly soluble,High,Yes,No,Yes,Yes,Yes,Yes,No,-4.83,0,0,0,0,1,0.55,0,0,2,2.64
Fluphenazine,C(CCN1CCN(CCO)CC1)N2C=3C(SC=4C2=CC=CC4)=CC=C(C(F)(F)F)C3,C22H26F3N3OS,437.52,30,12,0.45,7,6,1,124.07,55.25,3.83,4.36,4.32,3.57,4.05,4.03,-5.13,3.22E-03,7.35E-06,Moderately soluble,-5.24,2.54E-03,5.81E-06,Moderately soluble,-6.36,1.91E-04,4.38E-07,Poorly soluble,High,Yes,Yes,Yes,No,No,Yes,No,-5.87,0,0,0,0,0,0.55,0,0,2,3.58
Fluvastatin Sodium,C(=C/[C@@H](C[C@@H](CC(O)=O)O)O)\C1=C(C=2C(N1C(C)C)=CC=CC2)C3=CC=C(F)C=C3.[Na],C24H26FNNaO4,434.46,31,15,0.29,8,5,3,116.43,82.69,-6.38,3.49,4.94,2.92,4.57,1.91,-4.56,1.19E-02,2.74E-05,Moderately soluble,-4.91,5.35E-03,1.23E-05,Moderately soluble,-5.21,2.69E-03,6.18E-06,Moderately soluble,High,No,Yes,No,No,No,No,No,-6.47,0,0,0,0,0,0.56,0,0,2,4.36
Furosemide,C(O)(=O)C1=C(NCC2=CC=CO2)C=C(Cl)C(S(N)(=O)=O)=C1,C12H11ClN2O5S,330.74,21,11,0.08,5,6,3,75.46,131.01,0.85,2.03,2.63,-1.02,0.65,1.03,-3.23,1.96E-01,5.93E-04,Soluble,-4.41,1.29E-02,3.90E-05,Moderately soluble,-4.11,2.54E-02,7.69E-05,Moderately soluble,High,No,No,No,No,No,No,No,-6.88,0,0,0,0,0,0.56,0,0,0,2.43
Glibenclamide,C(NCCC1=CC=C(S(NC(NC2CCCCC2)=O)(=O)=O)C=C1)(=O)C3=C(OC)C=CC(Cl)=C3,C23H28ClN3O5S,494,33,12,0.39,11,5,3,126.25,121.98,2.81,4.81,4.72,2.17,3,3.5,-5.48,1.65E-03,3.34E-06,Moderately soluble,-7.1,3.89E-05,7.87E-08,Poorly soluble,-7.71,9.63E-06,1.95E-08,Poorly soluble,Low,No,No,No,Yes,Yes,Yes,Yes,-5.9,0,1,1,0,0,0.55,0,0,3,3.34
Gliclazide,N(C(NS(=O)(=O)C1=CC=C(C)C=C1)=O)N2CC3C(C2)CCC3,C15H21N3O3S,323.41,22,6,0.53,5,4,2,86.93,86.89,1.96,1.48,2.33,1.61,0.2,1.52,-2.65,7.25E-01,2.24E-03,Soluble,-2.91,3.96E-01,1.23E-03,Soluble,-3.55,9.05E-02,2.80E-04,Soluble,High,No,Yes,No,No,No,No,No,-7.22,0,0,0,0,0,0.55,0,0,0,3.52
Griseofulvin,O=C1[C@@]2(OC=3C1=C(OC)C=C(OC)C3Cl)C(OC)=CC(=O)C[C@H]2C,C17H17ClO6,352.77,24,6,0.41,3,6,0,86.59,71.06,2.95,2.18,2.81,0.71,3.39,2.41,-3.39,1.45E-01,4.10E-04,Soluble,-3.31,1.75E-01,4.95E-04,Soluble,-4.71,6.89E-03,1.95E-05,Moderately soluble,High,Yes,No,Yes,No,Yes,No,Yes,-6.9,0,0,0,0,0,0.85,0,0,1,4.59
Hydrochlorothiazide,O=S1(=O)C=2C(=CC(Cl)=C(S(N)(=O)=O)C2)NCN1,C7H8ClN3O4S2,297.74,17,6,0.14,1,6,3,67.58,135.12,-0.19,-0.07,0.86,-0.86,-0.96,-0.24,-1.84,4.33E+00,1.46E-02,Very soluble,-2.32,1.44E+00,4.83E-03,Soluble,-2.87,4.01E-01,1.35E-03,Soluble,High,No,No,No,No,No,No,No,-8.17,0,0,0,1,0,0.55,0,0,0,2.87
Ibuprofen,C(C(O)=O)(C)C1=CC=C(CC(C)C)C=C1,C13H18O2,206.28,15,6,0.46,4,2,1,62.18,37.3,2.17,3.5,3.07,3.13,3.15,3,-3.36,9.09E-02,4.41E-04,Soluble,-3.97,2.23E-02,1.08E-04,Soluble,-3.44,7.49E-02,3.63E-04,Soluble,High,Yes,No,No,No,No,No,No,-5.07,0,0,0,0,0,0.85,0,0,1,1.92
Indomethacin,C(=O)(N1C=2C(C(CC(O)=O)=C1C)=CC(OC)=CC2)C3=CC=C(Cl)C=C3,C19H16ClNO4,357.79,25,15,0.16,5,4,1,96.12,68.53,2.76,4.27,3.93,3.3,3.91,3.63,-4.86,4.91E-03,1.37E-05,Moderately soluble,-5.42,1.36E-03,3.79E-06,Moderately soluble,-5.79,5.83E-04,1.63E-06,Moderately soluble,High,Yes,No,Yes,Yes,Yes,No,No,-5.45,0,0,0,0,0,0.85,0,0,2,2.51
Ketoprofen,C(=O)(C1=CC(C(C(O)=O)C)=CC=C1)C2=CC=CC=C2,C16H14O3,254.28,19,12,0.12,4,3,1,72.67,54.37,1.9,3.12,3.11,2.69,3.37,2.84,-3.59,6.60E-02,2.60E-04,Soluble,-3.93,2.98E-02,1.17E-04,Soluble,-4.68,5.35E-03,2.10E-05,Moderately soluble,High,Yes,No,No,No,No,No,No,-5.64,0,0,0,0,0,0.85,0,0,0,2.57
Levofloxacin,O=C1C=2C3=C(C(=C(F)C2)N4CCN(C)CC4)OC[C@H](C)N3C=C1C(O)=O,C18H20FN3O4,361.37,26,10,0.44,2,6,1,101.83,75.01,2.25,-0.39,1.2,0.72,1.47,1.05,-1.99,3.72E+00,1.03E-02,Very soluble,-0.72,6.86E+01,1.90E-01,Very soluble,-3.01,3.56E-01,9.86E-04,Soluble,High,No,Yes,No,No,No,No,No,-8.78,0,0,0,0,0,0.55,0,0,1,3.63
Lomefloxacin Hydrochloride,C(C)N1C=2C(C(=O)C(C(O)=O)=C1)=CC(F)=C(C2F)N3CC(C)NCC3.Cl,C17H20ClF2N3O3,387.81,26,10,0.41,3,6,2,104.28,74.57,0,0,2.68,1.9,2.34,1.38,-2.33,1.81E+00,4.67E-03,Soluble,-1.12,2.96E+01,7.64E-02,Very soluble,-4.12,2.94E-02,7.57E-05,Moderately soluble,High,Yes,Yes,No,No,No,No,No,-8.67,0,0,0,0,0,0.55,0,0,1,3.19
Losartan Potassium,C(N1C(CCCC)=NC(Cl)=C1CO)C2=CC=C(C=C2)C3=C(C=CC=C3)C=4NN=NN4.[K],C22H23ClKN6O,462.01,31,22,0.27,8,5,2,117.11,92.51,-4.82,4.36,4.11,3.36,4.94,2.39,-5.45,1.65E-03,3.56E-06,Moderately soluble,-6.02,4.43E-04,9.59E-07,Poorly soluble,-8.41,1.81E-06,3.91E-09,Poorly soluble,High,No,Yes,No,Yes,No,No,No,-6.02,0,0,0,0,0,0.56,0,0,3,3.51
Lovastatin,O(C([C@H](CC)C)=O)[C@@H]1[C@]2(C(C=C[C@H](C)[C@@H]2CC[C@@H]3C[C@@H](O)CC(=O)O3)=C[C@H](C)C1)[H],C24H36O5,404.54,29,0,0.75,7,5,1,113.92,72.83,3.86,4.26,4.2,3.57,3.51,3.88,-4.57,1.09E-02,2.69E-05,Moderately soluble,-5.5,1.28E-03,3.15E-06,Moderately soluble,-3.19,2.63E-01,6.50E-04,Soluble,High,Yes,No,No,No,Yes,No,Yes,-5.74,0,0,0,0,0,0.55,0,1,2,5.76
Manidipine Hydrochloride,C(OCCN1CCN(C(C2=CC=CC=C2)C3=CC=CC=C3)CC1)(=O)C=4C(C(C(OC)=O)=C(C)NC4C)C5=CC(N(=O)=O)=CC=C5.Cl,C35H39ClN4O6,647.16,46,18,0.31,12,8,1,190.81,116.93,0,6,4.81,2.65,3.54,3.4,-7.13,4.80E-05,7.41E-08,Poorly soluble,-8.23,3.79E-06,5.85E-09,Poorly soluble,-9.3,3.22E-07,4.98E-10,Poorly soluble,Low,No,Yes,No,No,Yes,No,Yes,-5.99,1,3,1,0,2,0.55,0,2,3,5.7
Meloxicam,OC=1C=2C(S(=O)(=O)N(C)C1C(NC3=NC=C(C)S3)=O)=CC=CC2,C14H13N3O4S2,351.4,23,11,0.14,3,5,2,90.37,136.22,1.74,3.43,2.46,-0.67,1.3,1.65,-4.34,1.62E-02,4.62E-05,Moderately soluble,-5.97,3.76E-04,1.07E-06,Moderately soluble,-3.75,6.19E-02,1.76E-04,Soluble,High,No,No,No,No,Yes,No,Yes,-6.01,0,0,0,1,0,0.56,0,0,1,3.57
Methotrexate,NC=1C2=C(N=CC(CN(C)C3=CC=C(C(N[C@@H](CCC(O)=O)C(O)=O)=O)C=C3)=N2)N=C(N)N1,C20H22N8O5,454.44,33,16,0.25,10,9,5,118.4,210.54,1.53,-1.85,0.13,-0.73,-0.66,-0.32,-1.19,2.93E+01,6.44E-02,Very soluble,-2.05,4.02E+00,8.86E-03,Soluble,-3.99,4.67E-02,1.03E-04,Soluble,Low,No,Yes,No,No,No,No,No,-10.39,1,0,1,1,1,0.11,0,0,2,3.58
8-Methoxypsoralen,O(C)C=1C2=C(C=C3C1OC=C3)C=CC(=O)O2,C12H8O4,216.19,16,13,0.08,1,4,0,58.75,52.58,2.22,2,2.55,1.18,2.88,2.16,-2.98,2.29E-01,1.06E-03,Soluble,-2.73,4.02E-01,1.86E-03,Soluble,-4.63,5.01E-03,2.32E-05,Moderately soluble,High,Yes,No,Yes,No,No,No,No,-6.2,0,0,0,0,0,0.55,0,1,1,2.97
6-Methylcoumarin,CC=1C=C2C(OC(=O)C=C2)=CC1,C10H8O2,160.17,12,10,0.1,0,2,0,47.45,30.21,2.03,1.75,2.1,1.95,2.94,2.15,-2.55,4.49E-01,2.80E-03,Soluble,-2,1.60E+00,9.96E-03,Soluble,-3.99,1.65E-02,1.03E-04,Soluble,High,Yes,No,Yes,No,No,No,No,-6.03,0,0,0,0,1,0.55,0,1,1,2.48
Mequitazine,C(N1C=2C(SC=3C1=CC=CC3)=CC=CC2)C4C5CCN(C4)CC5,C20H22N2S,322.47,23,12,0.4,2,1,0,104.18,31.78,3.45,4.56,3.87,4.54,3.57,4,-4.97,3.49E-03,1.08E-05,Moderately soluble,-4.95,3.61E-03,1.12E-05,Moderately soluble,-5.55,9.07E-04,2.81E-06,Moderately soluble,High,Yes,Yes,No,No,No,Yes,No,-5.03,1,0,0,0,0,0.55,1,0,1,4.76
Nalidixic acid,C(C)N1C=2C(C(=O)C(C(O)=O)=C1)=CC=C(C)N2,C12H12N2O3,232.24,17,10,0.25,2,4,1,64,72.19,1.54,1.41,1.42,0.83,1.68,1.38,-2.47,7.84E-01,3.38E-03,Soluble,-2.53,6.85E-01,2.95E-03,Soluble,-2.97,2.48E-01,1.07E-03,Soluble,High,No,No,No,No,No,No,No,-6.72,0,0,0,0,0,0.85,0,0,1,1.94
Naproxen,[C@H](C(O)=O)(C)C1=CC2=C(C=C(OC)C=C2)C=C1,C14H14O3,230.26,17,10,0.21,3,3,1,66.79,46.53,1.95,3.34,3.04,2.57,2.9,2.76,-3.61,5.66E-02,2.46E-04,Soluble,-3.99,2.33E-02,1.01E-04,Soluble,-4.02,2.21E-02,9.62E-05,Moderately soluble,High,Yes,No,No,No,No,No,No,-5.33,0,0,0,0,0,0.85,0,0,1,1.85
Nicardipine Hydrochloride,C(OCCN(CC1=CC=CC=C1)C)(=O)C=2C(C(C(OC)=O)=C(C)NC2C)C3=CC(N(=O)=O)=CC=C3.Cl,C26H30ClN3O6,515.99,36,12,0.31,11,7,1,143.29,113.69,0,4.62,4.47,1.94,2.42,2.69,-5.47,1.75E-03,3.39E-06,Moderately soluble,-6.73,9.54E-05,1.85E-07,Poorly soluble,-7.25,2.93E-05,5.68E-08,Poorly soluble,High,No,Yes,No,Yes,Yes,No,Yes,-6.17,1,2,1,0,0,0.55,0,2,3,4.65
Nitrendipine,C(OCC)(=O)C=1C(C(C(OC)=O)=C(C)NC1C)C2=CC(N(=O)=O)=CC=C2,C18H20N2O6,360.36,26,6,0.33,7,6,1,99.33,110.45,2.95,2.88,2.71,0.99,1.31,2.17,-3.6,9.11E-02,2.53E-04,Soluble,-4.86,4.98E-03,1.38E-05,Moderately soluble,-4.69,7.32E-03,2.03E-05,Moderately soluble,High,No,No,Yes,Yes,Yes,Yes,Yes,-6.45,0,0,0,0,0,0.55,0,2,1,3.94
Norfloxacin,C(C)N1C=2C(C(=O)C(C(O)=O)=C1)=CC(F)=C(C2)N3CCNCC3,C16H18FN3O3,319.33,23,10,0.38,3,5,2,92.55,74.57,2.16,-1.03,0.93,1.04,1.82,0.98,-1.29,1.62E+01,5.07E-02,Very soluble,-0.05,2.86E+02,8.95E-01,Very soluble,-3.7,6.31E-02,1.98E-04,Soluble,High,No,Yes,No,No,No,No,No,-8.98,0,0,0,0,0,0.55,0,0,0,2.46
Ofloxacin,O=C1C=2C3=C(C(=C(F)C2)N4CCN(C)CC4)OCC(C)N3C=C1C(O)=O,C18H20FN3O4,361.37,26,10,0.44,2,6,1,101.83,75.01,2.49,-0.39,1.2,0.72,1.47,1.1,-1.99,3.72E+00,1.03E-02,Very soluble,-0.72,6.86E+01,1.90E-01,Very soluble,-3.01,3.56E-01,9.86E-04,Soluble,High,No,Yes,No,No,No,No,No,-8.78,0,0,0,0,0,0.55,0,0,1,3.63
Omeprazole,S(CC1=C(C)C(OC)=C(C)C=N1)(=O)C=2NC=3C(N2)=CC=C(OC)C3,C17H19N3O3S,345.42,24,15,0.29,5,5,1,93.7,96.31,1.64,2.23,3.61,0.91,3.16,2.31,-3.52,1.05E-01,3.03E-04,Soluble,-3.89,4.47E-02,1.29E-04,Soluble,-6.47,1.17E-04,3.37E-07,Poorly soluble,High,No,Yes,Yes,Yes,No,Yes,Yes,-6.82,0,0,0,0,0,0.55,0,0,0,3.58
Perphenazine,C(CCN1CCN(CCO)CC1)N2C=3C(SC=4C2=CC=CC4)=CC=C(Cl)C3,C21H26ClN3OS,403.97,27,12,0.43,6,3,1,124.08,55.25,3.86,4.2,2.8,3.52,3.62,3.6,-4.92,4.82E-03,1.19E-05,Moderately soluble,-5.07,3.44E-03,8.52E-06,Moderately soluble,-6.12,3.07E-04,7.60E-07,Poorly soluble,High,Yes,Yes,Yes,No,No,Yes,No,-5.78,0,0,0,0,0,0.55,0,0,2,3.51
Pirfenidone,O=C1N(C=C(C)C=C1)C2=CC=CC=C2,C12H11NO,185.22,14,12,0.08,1,1,0,57.01,22,2.34,1.86,2.15,2.49,2.58,2.28,-2.73,3.46E-01,1.87E-03,Soluble,-1.94,2.11E+00,1.14E-02,Very soluble,-4.01,1.81E-02,9.75E-05,Moderately soluble,High,Yes,No,Yes,No,No,No,No,-6.11,0,0,0,0,1,0.55,0,0,1,1.83
Piroxicam,OC=1C=2C(S(=O)(=O)N(C)C1C(NC3=CC=CC=N3)=O)=CC=CC2,C15H13N3O4S,331.35,23,12,0.07,3,5,2,87.52,107.98,1.67,3.06,2.09,-0.45,0.14,1.3,-4.01,3.24E-02,9.77E-05,Moderately soluble,-4.99,3.36E-03,1.01E-05,Moderately soluble,-4.11,2.57E-02,7.76E-05,Moderately soluble,High,No,No,No,No,Yes,No,No,-6.15,0,0,0,0,0,0.56,0,0,0,3.42
Pitavastatin Calcium,C(=C/[C@H](C[C@H](CC(O)=O)O)O)\C1=C(C2=C(N=C1C3CC3)C=CC=C2)C4=CC=C(F)C=C4.[Ca],C25H24CaFNO4,461.54,32,16,0.28,8,6,3,117.82,90.65,-36.84,3.52,4.77,3.09,5.37,-4.02,-4.76,8.00E-03,1.73E-05,Moderately soluble,-5.11,3.60E-03,7.81E-06,Moderately soluble,-6.22,2.79E-04,6.04E-07,Poorly soluble,High,No,Yes,No,No,No,No,No,-6.62,0,0,0,0,0,0.56,0,0,3,4.27
Pravastatin Sodium,C(C[C@H](C[C@H](CC(O)=O)O)O)[C@@H]1[C@]2([C@@H](OC([C@H](CC)C)=O)C[C@H](O)C=C2C=C[C@@H]1C)[H].[Na],C23H36NaO7,447.52,31,0,0.74,11,7,4,114.04,124.29,-7.08,2.49,2.44,1.74,2.15,0.35,-3.46,1.56E-01,3.49E-04,Soluble,-4.75,8.05E-03,1.80E-05,Moderately soluble,-1.36,1.97E+01,4.41E-02,Soluble,High,No,Yes,No,No,No,No,No,-7.26,0,0,1,0,0,0.56,0,0,2,5.93
Prochlorperazine dimaleate,C(CCN1CCN(C)CC1)N2C=3C(SC=4C2=CC=CC4)=CC=C(Cl)C3.C(=C\C(O)=O)\C(O)=O,C24H28ClN3O4S,490.01,33,12,0.33,6,6,2,142.52,109.62,4.1,-0.12,3.15,3.1,3.85,2.82,-2.68,1.03E+00,2.11E-03,Soluble,-1.73,9.15E+00,1.87E-02,Very soluble,-6.3,2.47E-04,5.05E-07,Poorly soluble,High,No,Yes,No,Yes,No,Yes,No,-9.37,0,2,0,0,0,0.55,0,1,1,3.84
Promethazine Hydrochloride,C(C(N(C)C)C)N1C=2C(SC=3C1=CC=CC3)=CC=CC2.Cl,C17H21ClN2S,320.88,21,12,0.29,3,1,0,97.03,31.78,0,5.61,4.66,4.08,3.14,3.5,-5.59,8.27E-04,2.58E-06,Moderately soluble,-6.04,2.93E-04,9.12E-07,Poorly soluble,-5.3,1.60E-03,5.00E-06,Moderately soluble,High,Yes,Yes,Yes,No,No,Yes,Yes,-4.27,0,0,0,0,1,0.55,1,0,1,3.61
Quinine Hydrochloride,[C@@H](O)(C=1C2=C(C=CC(OC)=C2)N=CC1)[C@]3([N@@]4C[C@H](C=C)[C@H](C3)CC4)[H].Cl,C20H25ClN2O2,360.88,25,10,0.45,4,4,1,106.7,45.59,0,3.68,3.27,2.45,3.11,2.5,-4.43,1.35E-02,3.73E-05,Moderately soluble,-4.33,1.70E-02,4.71E-05,Moderately soluble,-4.31,1.78E-02,4.92E-05,Moderately soluble,High,Yes,Yes,No,No,No,Yes,Yes,-5.89,0,0,0,0,0,0.55,0,1,2,4.42
Rosiglitazone,C(C1SC(=O)NC1=O)C2=CC=C(OCCN(C)C3=CC=CC=N3)C=C2,C18H19N3O3S,357.43,25,12,0.28,7,4,1,101.63,96.83,2.41,3.11,2.11,1.64,2.54,2.36,-3.91,4.41E-02,1.23E-04,Soluble,-4.81,5.51E-03,1.54E-05,Moderately soluble,-5.71,6.89E-04,1.93E-06,Moderately soluble,High,No,No,No,Yes,Yes,Yes,Yes,-6.27,0,0,0,0,0,0.55,0,1,1,3.35
Sparfloxacin,FC1=C2C(C(=O)C(C(O)=O)=CN2C3CC3)=C(N)C(F)=C1N4C[C@H](C)N[C@H](C)C4,C19H22F2N4O3,392.4,28,10,0.47,3,6,3,109.22,100.59,2.33,0.11,2.11,1.6,1.79,1.59,-2.41,1.53E+00,3.90E-03,Soluble,-1.78,6.55E+00,1.67E-02,Very soluble,-3.69,7.92E-02,2.02E-04,Soluble,High,No,Yes,No,No,No,Yes,No,-8.62,0,0,0,0,0,0.55,0,1,1,3.73
Tamoxifen,C(=C(/CC)\C1=CC=CC=C1)(\C2=CC=C(OCCN(C)C)C=C2)/C3=CC=CC=C3,C26H29NO,371.51,28,18,0.23,8,2,0,119.72,12.47,4.64,7.14,6,5.1,5.99,5.77,-6.59,9.56E-05,2.57E-07,Poorly soluble,-7.22,2.23E-05,5.99E-08,Poorly soluble,-8.92,4.48E-07,1.21E-09,Poorly soluble,Low,No,Yes,No,Yes,No,Yes,No,-3.5,1,1,0,1,1,0.55,0,1,3,3.01
Tetracycline Hydrochloride,O[C@@]12[C@@](C[C@]3(C(=C1O)C(=O)C=4C([C@@]3(C)O)=CC=CC4O)[H])([C@H](N(C)C)C(O)=C(C(N)=O)C2=O)[H].Cl,C22H25ClN2O8,480.9,33,6,0.41,2,9,6,117.18,181.62,0,-0.5,0.48,-1.87,-0.59,-0.5,-2.51,1.49E+00,3.10E-03,Soluble,-2.85,6.85E-01,1.42E-03,Soluble,-1.82,7.23E+00,1.50E-02,Soluble,Low,No,Yes,No,No,No,No,No,-9.59,1,1,1,1,2,0.11,0,1,1,5.12
Thioridazine Hydrochloride,C(CC1N(C)CCCC1)N2C=3C(SC=4C2=CC=CC4)=CC=C(SC)C3.Cl,C21H27ClN2S2,407.04,26,12,0.43,4,1,0,124.98,57.08,0,6.7,5.93,5.25,4.56,4.49,-6.66,8.86E-05,2.18E-07,Poorly soluble,-7.7,8.08E-06,1.98E-08,Poorly soluble,-6.49,1.32E-04,3.25E-07,Poorly soluble,High,No,Yes,Yes,No,Yes,Yes,Yes,-4.03,1,1,0,1,1,0.55,0,0,2,4.13
Trifluoperazine,C(CCN1CCN(C)CC1)N2C=3C(SC=4C2=CC=CC4)=CC=C(C(F)(F)F)C3,C21H24F3N3S,407.5,28,12,0.43,5,5,0,118.1,35.02,3.91,5.03,4.96,4.21,4.27,4.47,-5.52,1.22E-03,3.00E-06,Moderately soluble,-5.51,1.27E-03,3.12E-06,Moderately soluble,-6.54,1.18E-04,2.89E-07,Poorly soluble,High,Yes,Yes,Yes,No,No,Yes,No,-5.21,1,0,0,0,1,0.55,0,0,2,3.47
Valsartan,C(N([C@@H]([C@H](C)C)C(O)=O)C(CCCC)=O)C1=CC=C(C2=C(C=CC=C2)C=3NN=NN3)C=C1,C24H29N5O3,435.52,32,17,0.38,11,6,2,122.95,112.07,2.9,4.46,4.01,3.36,4.21,3.79,-5.02,4.19E-03,9.61E-06,Moderately soluble,-6.53,1.28E-04,2.93E-07,Poorly soluble,-6.95,4.88E-05,1.12E-07,Poorly soluble,High,No,No,No,Yes,Yes,No,Yes,-5.79,0,0,1,0,0,0.56,0,0,3,3.56
Anthracene,C12=C(C=C3C(=C1)C=CC=C3)C=CC=C2,C14H10,178.23,14,14,0,0,0,0,61.45,0,2.41,4.44,3.99,5.17,4.1,4.02,-4.48,5.87E-03,3.29E-05,Moderately soluble,-4.16,1.24E-02,6.94E-05,Moderately soluble,-5.75,3.20E-04,1.79E-06,Moderately soluble,Low,Yes,No,Yes,Yes,No,No,No,-4.23,1,0,0,0,2,0.55,0,1,2,1
Avobenzone,C(CC(=O)C1=CC=C(OC)C=C1)(=O)C2=CC=C(C(C)(C)C)C=C2,C20H22O3,310.39,23,12,0.3,6,3,0,92.11,43.37,3,4.76,4.45,3.09,5.05,4.07,-4.75,5.48E-03,1.76E-05,Moderately soluble,-5.4,1.23E-03,3.97E-06,Moderately soluble,-6.54,8.99E-05,2.90E-07,Poorly soluble,High,Yes,No,Yes,Yes,No,Yes,Yes,-4.81,0,0,0,0,0,0.55,0,1,1,2
Bithionol,S(C1=C(O)C(Cl)=CC(Cl)=C1)C2=C(O)C(Cl)=CC(Cl)=C2,C12H6Cl4O2S,356.05,19,12,0,2,2,2,81.09,65.76,3.08,5.79,5.86,5.06,5.15,4.99,-6.03,3.32E-04,9.32E-07,Poorly soluble,-6.94,4.08E-05,1.15E-07,Poorly soluble,-6.3,1.80E-04,5.06E-07,Poorly soluble,High,No,No,No,No,Yes,No,No,-4.36,1,1,0,0,1,0.55,0,0,2,2.45
Hexachlorophene,C(C1=C(Cl)C(Cl)=CC(Cl)=C1O)C2=C(Cl)C(Cl)=CC(Cl)=C2O,C13H6Cl6O2,406.9,21,12,0.08,2,2,2,90,40.46,3.16,7.54,6.61,5.78,6.71,5.96,-7.4,1.61E-05,3.95E-08,Poorly soluble,-8.23,2.42E-06,5.96E-09,Poorly soluble,-7.78,6.74E-06,1.66E-08,Poorly soluble,High,No,No,No,No,Yes,No,No,-3.43,1,1,0,1,1,0.55,0,1,2,2.28
Aspirin,C(O)(=O)C1=C(OC(C)=O)C=CC=C1,C9H8O4,180.16,13,6,0.11,3,4,1,44.9,63.6,1.3,1.19,1.31,1.51,1.1,1.28,-1.85,2.54E+00,1.41E-02,Very soluble,-2.12,1.36E+00,7.56E-03,Soluble,-1.85,2.57E+00,1.43E-02,Soluble,High,Yes,No,No,No,No,No,No,-6.55,0,0,0,0,1,0.85,0,1,1,1.52
Benzocaine,C(OCC)(=O)C1=CC=C(N)C=C1,C9H11NO2,165.19,12,6,0.22,3,2,1,46.93,52.32,1.89,1.86,1.45,1.64,1.31,1.63,-2.21,1.02E+00,6.19E-03,Soluble,-2.58,4.34E-01,2.63E-03,Soluble,-2.51,5.09E-01,3.08E-03,Soluble,High,Yes,No,No,No,No,No,No,-5.99,0,0,0,0,1,0.55,0,1,1,1.22
Erythromycin,O([C@@H]1[C@@H](C)[C@H](O[C@H]2C[C@](OC)(C)[C@@H](O)[C@H](C)O2)[C@@H](C)C(=O)O[C@H](CC)[C@@](C)(O)[C@H](O)[C@@H](C)C(=O)[C@H](C)C[C@@]1(C)O)[C@H]3[C@H](O)[C@@H](N(C)C)C[C@@H](C)O3,C37H67NO13,733.93,51,0,0.95,7,14,5,189.36,193.91,5,3.06,1.79,-0.72,0.7,1.97,-5.86,1.02E-03,1.39E-06,Moderately soluble,-6.8,1.17E-04,1.59E-07,Poorly soluble,-2.41,2.85E+00,3.88E-03,Soluble,Low,No,Yes,No,No,No,No,No,-8.6,2,3,1,1,3,0.17,0,0,1,8.73
Benzylpenicillin,C(O)(=O)[C@@H]1N2[C@@]([C@H](NC(CC3=CC=CC=C3)=O)C2=O)(SC1(C)C)[H],C16H18N2O4S,334.39,23,6,0.44,5,4,2,89.86,112.01,1.96,1.83,0.48,1.55,1.02,1.37,-2.93,3.94E-01,1.18E-03,Soluble,-3.8,5.27E-02,1.58E-04,Soluble,-2.94,3.88E-01,1.16E-03,Soluble,High,No,No,No,No,No,No,No,-7.04,0,0,0,0,0,0.56,0,0,0,3.98
Phenytoin,O=C1C(NC(=O)N1)(C2=CC=CC=C2)C3=CC=CC=C3,C15H12N2O2,252.27,19,12,0.07,2,2,2,77.5,58.2,1.65,2.47,0.9,2.01,2.42,1.89,-3.3,1.28E-01,5.06E-04,Soluble,-3.34,1.16E-01,4.61E-04,Soluble,-5.62,6.07E-04,2.40E-06,Moderately soluble,High,Yes,No,No,No,No,No,No,-6.09,0,0,0,0,0,0.55,0,1,0,2.28
Sulisobenzone,C(=O)(C1=CC(S(=O)(=O)O)=C(OC)C=C1O)C2=CC=CC=C2,C14H12O6S,308.31,21,12,0.07,4,6,2,74.69,109.28,0.72,2.18,2.96,1.23,1.27,1.67,-3.28,1.60E-01,5.20E-04,Soluble,-4.11,2.40E-02,7.79E-05,Moderately soluble,-3.75,5.47E-02,1.77E-04,Soluble,High,No,No,No,No,No,No,No,-6.63,0,0,0,0,0,0.56,0,1,0,2.64
Bumetrizole,OC1=C(N2N=C3C(=N2)C=C(Cl)C=C3)C=C(C)C=C1C(C)(C)C,C17H18ClN3O,315.8,22,15,0.29,2,3,1,90.13,50.94,3.7,5.64,4.39,3.27,3.83,4.17,-5.72,5.97E-04,1.89E-06,Moderately soluble,-6.47,1.06E-04,3.36E-07,Poorly soluble,-5.85,4.46E-04,1.41E-06,Moderately soluble,High,Yes,No,Yes,Yes,Yes,No,No,-4.22,0,0,0,0,1,0.55,0,0,1,2.46
Chlorhexidine,N(C(NC(NCCCCCCNC(NC(NC1=CC=C(Cl)C=C1)=N)=N)=N)=N)C2=CC=C(Cl)C=C2,C22H30Cl2N10,505.45,34,12,0.27,17,4,10,143.43,167.58,3.48,0.08,3.79,3.04,2.75,2.63,-2.16,3.47E+00,6.87E-03,Soluble,-3.15,3.55E-01,7.02E-04,Soluble,-9.07,4.26E-07,8.43E-10,Poorly soluble,Low,No,Yes,No,No,No,No,No,-9.33,2,2,2,1,3,0.17,0,2,2,3.64
Cinnamic acid,C(=C/C(O)=O)\C1=CC=CC=C1,C9H8O2,148.16,11,6,0,2,2,1,43.11,37.3,1.55,2.13,1.68,1.9,1.7,1.79,-2.37,6.29E-01,4.25E-03,Soluble,-2.54,4.23E-01,2.85E-03,Soluble,-1.84,2.14E+00,1.45E-02,Soluble,High,Yes,No,No,No,No,No,No,-5.69,0,2,0,0,1,0.85,0,1,1,1.67
Drometrizole,OC1=C(N2N=C3C(=N2)C=CC=C3)C=C(C)C=C1,C13H11N3O,225.25,17,15,0.08,1,3,1,65.85,50.94,2.16,4.31,2.43,1.75,1.95,2.52,-4.54,6.51E-03,2.89E-05,Moderately soluble,-5.09,1.82E-03,8.06E-06,Moderately soluble,-4.05,2.01E-02,8.91E-05,Moderately soluble,High,Yes,No,Yes,Yes,No,Yes,Yes,-4.61,0,0,0,0,0,0.55,0,0,2,1.88
L-Histidine,C([C@@H](C(O)=O)N)C1=CN=CN1,C6H9N3O2,155.15,11,5,0.33,3,4,3,37.65,92,-0.03,-3.23,-0.64,-3.74,-0.06,-1.54,1.09,1.93E+03,1.24E+01,Highly soluble,1.87,1.15E+04,7.39E+01,Highly soluble,-0.69,3.18E+01,2.05E-01,Soluble,High,No,No,No,No,No,No,No,-9.54,0,3,0,0,2,0.55,0,0,1,2.29
Enzacamene,CC12C(C)(C)C(C(=CC3=CC=C(C)C=C3)C1=O)CC2,C18H22O,254.37,19,6,0.5,1,1,0,80.21,17.07,3.14,4.51,4.29,4.02,5.14,4.22,-4.43,9.54E-03,3.75E-05,Moderately soluble,-4.59,6.54E-03,2.57E-05,Moderately soluble,-5.55,7.09E-04,2.79E-06,Moderately soluble,High,Yes,No,No,Yes,Yes,Yes,No,-4.65,0,0,0,0,1,0.55,0,1,1,4.28
Octrizole,OC=1C(N2N=C3C(=N2)C=CC=C3)=CC(C(CC(C)(C)C)(C)C)=CC1,C20H25N3O,323.43,24,15,0.4,4,3,1,99.13,50.94,3.87,7.35,4.84,3.46,3.9,4.69,-6.67,6.85E-05,2.12E-07,Poorly soluble,-8.25,1.83E-06,5.65E-09,Poorly soluble,-6.07,2.75E-04,8.51E-07,Poorly soluble,High,Yes,No,Yes,Yes,Yes,No,No,-3.05,0,0,0,0,1,0.55,0,0,1,2.67
Octyl methoxycinnamate,C(=CC(OCC(CCCC)CC)=O)C1=CC=C(OC)C=C1,C18H26O3,290.4,21,6,0.5,10,3,0,87.57,35.53,3.84,5.3,4.36,3.68,4.87,4.41,-4.53,8.55E-03,2.95E-05,Moderately soluble,-5.8,4.63E-04,1.60E-06,Moderately soluble,-5.14,2.08E-03,7.18E-06,Moderately soluble,High,Yes,No,Yes,Yes,Yes,No,No,-4.31,0,0,0,0,1,0.55,0,1,2,3.31
Octyl salicylate,C(OCCCCCCCC)(=O)C1=C(O)C=CC=C1,C15H22O3,250.33,18,6,0.53,9,3,1,73.39,46.53,1.68,6.8,3.91,3.31,3.85,3.91,-5.33,1.17E-03,4.69E-06,Moderately soluble,-7.58,6.51E-06,2.60E-08,Poorly soluble,-4.74,4.59E-03,1.83E-05,Moderately soluble,High,Yes,No,Yes,No,No,No,No,-3,0,0,0,0,1,0.55,0,0,2,2.19
4-Aminobenzoic acid,C(O)(=O)C1=CC=C(N)C=C1,C7H7NO2,137.14,10,6,0,1,2,2,37.81,63.32,0.82,0.83,0.98,-0.12,0.5,0.6,-1.59,3.52E+00,2.56E-02,Very soluble,-1.74,2.48E+00,1.81E-02,Very soluble,-1.38,5.69E+00,4.15E-02,Soluble,High,Yes,No,No,No,No,No,No,-6.55,0,3,0,0,1,0.85,0,1,1,1
Sodium dodecyl sulfate,C(CCCCCCCCCC)COS(=O)(=O)O.[Na],C12H26NaO4S,289.39,18,0,1,12,4,1,71.42,71.98,-6.71,4.74,4.81,2.53,2.52,1.58,-3.83,4.30E-02,1.48E-04,Soluble,-5.98,3.02E-04,1.04E-06,Moderately soluble,-3.81,4.46E-02,1.54E-04,Soluble,High,No,Yes,No,No,No,No,No,-4.7,0,0,1,0,0,0.85,0,1,2,3.2
Tetracycline,O[C@@]12[C@@](C[C@]3(C(=C1O)C(=O)C=4C([C@@]3(C)O)=CC=CC4O)[H])([C@H](N(C)C)C(O)=C(C(N)=O)C2=O)[H],C22H24N2O8,444.43,32,6,0.41,2,9,6,110.22,181.62,1.51,-1.3,-0.32,-2.08,-0.59,-0.56,-1.78,7.32E+00,1.65E-02,Very soluble,-2.02,4.28E+00,9.63E-03,Soluble,-1.82,6.68E+00,1.50E-02,Soluble,Low,No,No,No,No,No,No,No,-9.93,1,0,1,1,2,0.11,0,1,1,5.04
Musk ketone,C(C)(C)(C)C1=C(N(=O)=O)C(C)=C(C(C)=O)C(C)=C1N(=O)=O,C14H18N2O5,294.3,21,6,0.5,4,5,0,83.48,108.71,2.19,4.6,4.67,1.19,1.03,2.74,-4.51,9.09E-03,3.09E-05,Moderately soluble,-6.61,7.27E-05,2.47E-07,Poorly soluble,-4.43,1.10E-02,3.72E-05,Moderately soluble,High,No,Yes,No,Yes,No,Yes,No,-4.83,0,0,0,0,0,0.55,0,1,1,2.32
Methyl-N-methylanthranilate,C(OC)(=O)C1=C(NC)C=CC=C1,C9H11NO2,165.19,12,6,0.22,3,2,1,47.03,38.33,2.02,2.55,1.32,1.64,1.38,1.78,-2.64,3.76E-01,2.28E-03,Soluble,-3,1.64E-01,9.95E-04,Soluble,-2.9,2.06E-01,1.25E-03,Soluble,High,Yes,No,Yes,No,No,No,No,-5.5,0,0,0,0,1,0.55,0,0,1,1.27
Methyl beta-naphthylketone,C(C)(=O)C1=CC2=C(C=C1)C=CC=C2,C12H10O,170.21,13,10,0.08,1,1,0,54.14,17.07,2.06,2.64,3.04,2.76,3.33,2.77,-3.06,1.48E-01,8.68E-04,Soluble,-2.65,3.82E-01,2.24E-03,Soluble,-4.4,6.73E-03,3.95E-05,Moderately soluble,High,Yes,No,Yes,No,No,No,No,-5.46,0,0,0,0,2,0.55,0,0,1,1
Bergapten,O(C)C=1C2=C(C=C3C1C=CO3)OC(=O)C=C2,C12H8O4,216.19,16,13,0.08,1,4,0,58.75,52.58,2.29,1.93,2.55,1.18,2.88,2.16,-2.93,2.53E-01,1.17E-03,Soluble,-2.66,4.75E-01,2.20E-03,Soluble,-4.63,5.01E-03,2.32E-05,Moderately soluble,High,Yes,No,Yes,No,No,No,No,-6.25,0,0,0,0,0,0.55,0,1,1,2.9
Tribromosalicylanilide,C(NC1=CC=C(Br)C=C1)(=O)C2=C(O)C(Br)=CC(Br)=C2,C13H8Br3NO2,449.92,19,12,0,3,2,2,85.78,49.33,2.87,5.34,4.74,4.34,4.12,4.28,-6.26,2.46E-04,5.46E-07,Poorly soluble,-6.13,3.35E-04,7.44E-07,Poorly soluble,-6.77,7.62E-05,1.69E-07,Poorly soluble,High,Yes,No,Yes,Yes,Yes,No,No,-5.25,1,0,0,0,1,0.55,0,0,2,1.77
Tetrachlorosalicylanilide,C(NC1=CC=CC=C1)(=O)C2=C(Cl)C(Cl)=C(Cl)C(Cl)=C2O,C13H7Cl4NO2,351.01,20,12,0,3,2,2,82.72,49.33,2.14,5.46,5.07,4.48,4.66,4.36,-5.7,6.97E-04,1.99E-06,Moderately soluble,-6.25,1.96E-04,5.59E-07,Poorly soluble,-6.76,6.04E-05,1.72E-07,Poorly soluble,High,Yes,No,No,Yes,Yes,No,No,-4.56,1,0,0,0,1,0.55,0,2,2,1.88
Camphor sulfonic acid,C(S(=O)(=O)O)C12C(C)(C)C(CC1=O)CC2,C10H16O4S,232.3,15,0,0.9,2,4,1,56.17,79.82,0.63,0.54,2.35,1.06,1.07,1.13,-1.49,7.54E+00,3.25E-02,Very soluble,-1.79,3.79E+00,1.63E-02,Very soluble,-1.99,2.37E+00,1.02E-02,Soluble,High,No,No,No,No,No,No,No,-7.33,0,0,0,0,0,0.56,0,1,1,4.69
Octyl methacrylate,O(C(C(C)=C)=O)CCCCCCCC,C12H22O2,198.3,14,0,0.75,9,2,0,60.61,26.3,3.51,5.05,3.47,3.04,3.48,3.71,-3.66,4.37E-02,2.20E-04,Soluble,-5.34,8.98E-04,4.53E-06,Moderately soluble,-3.63,4.67E-02,2.36E-04,Soluble,High,Yes,No,Yes,No,No,No,No,-3.92,0,0,0,0,2,0.55,0,1,3,2.31
Methyl salicylate,C(OC)(=O)C1=C(O)C=CC=C1,C8H8O3,152.15,11,6,0.12,2,3,1,39.74,46.53,2.03,2.55,1.18,1.32,1.21,1.66,-2.66,3.32E-01,2.18E-03,Soluble,-3.17,1.02E-01,6.69E-04,Soluble,-1.88,2.00E+00,1.32E-02,Soluble,High,Yes,No,No,No,No,No,No,-5.42,0,3,0,0,1,0.55,0,0,1,1.11
Lactic acid,C(C(O)=O)(C)O,C3H6O3,90.08,6,0,0.67,1,3,2,19.47,57.53,0.52,-0.72,-0.55,-0.85,-0.8,-0.48,0.12,1.19E+02,1.32E+00,Highly soluble,-0.01,8.76E+01,9.72E-01,Very soluble,0.98,8.66E+02,9.62E+00,Soluble,High,No,No,No,No,No,No,No,-7.36,0,4,0,0,2,0.85,0,0,1,1.29
Dimethyl sulfoxide,S(C)(C)=O,C2H6OS,78.13,4,0,1,0,1,0,20.01,36.28,1.03,-0.61,0.86,-0.37,-0.64,0.05,0.06,8.97E+01,1.15E+00,Highly soluble,0.32,1.63E+02,2.09E+00,Highly soluble,-0.55,2.21E+01,2.83E-01,Soluble,High,Yes,No,No,No,No,No,No,-7.21,0,3,0,0,2,0.55,0,0,1,1.64
Sodium lauryl sulfate,C(CCCCCCCCCC)COS(=O)(=O)O.[Na],C12H26NaO4S,289.39,18,0,1,12,4,1,71.42,71.98,-6.71,4.74,4.81,2.53,2.52,1.58,-3.83,4.30E-02,1.48E-04,Soluble,-5.98,3.02E-04,1.04E-06,Moderately soluble,-3.81,4.46E-02,1.54E-04,Soluble,High,No,Yes,No,No,No,No,No,-4.7,0,0,1,0,0,0.85,0,1,2,3.2
Sodium laurate,C(CCCCCCCC)CCC(O)=O.[Na],C12H24NaO2,223.31,15,0,0.92,10,2,1,61.57,37.3,-6.38,4.2,3.99,3.15,3.5,1.69,-3.21,1.38E-01,6.16E-04,Soluble,-4.69,4.53E-03,2.03E-05,Moderately soluble,-3.69,4.52E-02,2.02E-04,Soluble,High,Yes,Yes,No,No,No,No,No,-4.68,0,0,0,0,0,0.85,0,0,3,2.02
Propylene glycol,C(CO)(C)O,C3H8O2,76.09,5,0,1,1,2,2,18.86,40.46,1,-0.92,-0.64,-0.63,-0.54,-0.35,0.33,1.64E+02,2.16E+00,Highly soluble,0.55,2.72E+02,3.58E+00,Highly soluble,0.56,2.75E+02,3.61E+00,Soluble,High,No,No,No,No,No,No,No,-7.42,0,4,0,0,2,0.55,0,0,1,1.18
Isopropyl myristate,C(CCCCCCCCCCCC)C(OC(C)C)=O,C17H34O2,270.45,19,0,0.94,14,2,0,85.12,26.3,4.68,7.21,5.64,4.44,5.67,5.53,-5.14,1.98E-03,7.33E-06,Moderately soluble,-7.59,7.03E-06,2.60E-08,Poorly soluble,-5.64,6.24E-04,2.31E-06,Moderately soluble,High,Yes,No,Yes,No,No,No,No,-2.83,1,1,1,0,1,0.55,0,0,2,2.68
Glycerine,C(CO)(CO)O,C3H8O3,92.09,6,0,1,2,3,3,20.02,60.69,0.45,-1.76,-1.67,-1.51,-0.96,-1.09,0.83,6.22E+02,6.76E+00,Highly soluble,1,9.22E+02,1.00E+01,Highly soluble,1.08,1.11E+03,1.20E+01,Soluble,High,No,No,No,No,No,No,No,-8.11,0,4,0,0,2,0.55,0,0,1,1.31
Ethanol,C(C)O,C2H6O,46.07,3,0,1,0,1,1,12.89,20.23,1.1,-0.09,0,-0.23,-0.32,0.09,-0.07,3.93E+01,8.53E-01,Very soluble,0.12,6.04E+01,1.31E+00,Highly soluble,0.13,6.20E+01,1.35E+00,Soluble,Low,No,No,No,No,No,No,No,-6.64,0,3,0,0,3,0.55,0,0,1,1
Coumarin,O=C1OC=2C(C=C1)=CC=CC2,C9H6O2,146.14,11,10,0,0,2,0,42.48,30.21,1.75,1.39,1.79,1.65,2.5,1.82,-2.29,7.42E-01,5.08E-03,Soluble,-1.63,3.44E+00,2.35E-02,Very soluble,-3.59,3.77E-02,2.58E-04,Soluble,High,Yes,No,Yes,No,No,No,No,-6.2,0,2,0,0,1,0.55,0,1,1,2.74
Cetyl alcohol,C(CCCCCCCC)CCCCCCCO,C16H34O,242.44,17,0,1,14,1,1,80.19,20.23,4.41,7.11,5.46,4.45,5.65,5.42,-4.9,3.06E-03,1.26E-05,Moderately soluble,-7.35,1.07E-05,4.43E-08,Poorly soluble,-5.77,4.12E-04,1.70E-06,Moderately soluble,High,Yes,No,Yes,No,No,No,No,-2.73,1,0,1,0,2,0.55,0,0,3,2.29
Ascorbic acid,[C@@H](CO)(O)[C@@]1(C(O)=C(O)C(=O)O1)[H],C6H8O6,176.12,12,0,0.5,2,6,4,35.12,107.22,-0.31,-1.64,-1.41,-2.6,-1.15,-1.42,0.23,3.01E+02,1.71E+00,Highly soluble,-0.1,1.40E+02,7.93E-01,Very soluble,1.49,5.46E+03,3.10E+01,Soluble,High,No,No,No,No,No,No,No,-8.54,0,2,0,0,1,0.56,0,0,1,3.47
Isopropanol,C(C)(C)O,C3H8O,60.1,4,0,1,0,1,1,17.7,20.23,1.38,0.34,0.39,0.29,-0.13,0.45,-0.43,2.25E+01,3.74E-01,Very soluble,-0.33,2.82E+01,4.69E-01,Very soluble,0.05,6.70E+01,1.11E+00,Soluble,High,No,No,No,No,No,No,No,-6.43,0,3,0,0,3,0.55,0,0,1,1
Sulfanilamide,S(N)(=O)(=O)C1=CC=C(N)C=C1,C6H8N2O2S,172.2,11,6,0,1,3,2,41.84,94.56,0.61,-0.62,1.01,-0.3,-0.73,-0.01,-0.85,2.41E+01,1.40E-01,Very soluble,-0.89,2.20E+01,1.28E-01,Very soluble,-1.6,4.33E+00,2.51E-02,Soluble,High,No,No,No,No,No,No,No,-7.79,0,1,0,0,1,0.55,0,1,1,1.6
Triclocarban,N(C(NC1=CC=C(Cl)C=C1)=O)C2=CC(Cl)=C(Cl)C=C2,C13H9Cl3N2O,315.58,19,12,0,4,1,2,80.19,41.13,2.93,5.33,4.91,4.52,3.71,4.28,-5.36,1.38E-03,4.39E-06,Moderately soluble,-5.95,3.57E-04,1.13E-06,Moderately soluble,-6.8,5.05E-05,1.60E-07,Poorly soluble,High,Yes,No,Yes,Yes,Yes,No,No,-4.44,1,0,0,0,1,0.55,0,0,1,1.93
Musk xylene,C(C)(C)(C)C1=C(N(=O)=O)C(C)=C(N(=O)=O)C(C)=C1N(=O)=O,C12H15N3O6,297.26,21,6,0.5,4,6,0,82.11,137.46,1.82,4.74,4.9,0.57,-1.12,2.18,-4.62,7.19E-03,2.42E-05,Moderately soluble,-7.36,1.31E-05,4.40E-08,Poorly soluble,-3.95,3.33E-02,1.12E-04,Soluble,Low,No,Yes,No,Yes,Yes,Yes,No,-4.75,0,0,0,1,0,0.55,0,1,1,2.12
Musk ambrette,O(C)C1=C(N(=O)=O)C(C)=C(N(=O)=O)C=C1C(C)(C)C,C12H16N2O5,268.27,19,6,0.5,4,5,0,74.81,100.87,1.79,3.59,4.16,1,0.11,2.13,-3.73,4.94E-02,1.84E-04,Soluble,-5.39,1.08E-03,4.03E-06,Moderately soluble,-3.84,3.85E-02,1.44E-04,Soluble,High,No,Yes,No,Yes,No,Yes,No,-5.39,0,0,0,0,0,0.55,0,1,1,2.14
Octocrylene,C(=C(C(OCC(CCCC)CC)=O)C#N)(C1=CC=CC=C1)C2=CC=CC=C2,C24H27NO2,361.48,27,12,0.33,10,3,0,110.12,50.09,3.87,7.14,5.77,4.43,6.06,5.45,-6.25,2.04E-04,5.65E-07,Poorly soluble,-8.01,3.51E-06,9.72E-09,Poorly soluble,-7.58,9.53E-06,2.64E-08,Poorly soluble,High,Yes,Yes,Yes,Yes,Yes,Yes,Yes,-3.44,1,1,0,0,1,0.55,0,2,3,3.98
