Phototoxic,Name,Smiles,Molecular Weight,Hydrogen Bond Donor Count,Hydrogen Bond Acceptor Count,Rotatable Bond Count,Exact Mass,Monoisotopic Mass,Topological Polar Surface Area,Heavy Atom Count,Formal Charge,Complexity,Isotope Atom Count,Defined Atom Stereocenter Count,Undefined Atom Stereocenter Count,Defined Bond Stereocenter Count,Undefined Bond Stereocenter Count,Covalently-Bonded Unit Count,Compound Is Canonicalized,XLogP3,XLogP3-AA,Name,Smiles,Formula,MW,#Heavy atoms,#Aromatic heavy atoms,Fraction Csp3,#Rotatable bonds,#H-bond acceptors,#H-bond donors,MR,TPSA,iLOGP,XLOGP3,WLOGP,MLOGP,Silicos-IT Log P,Consensus Log P,ESOL Log S,ESOL Solubility (mg/ml),ESOL Solubility (mol/l),ESOL Class,Ali Log S,Ali Solubility (mg/ml),Ali Solubility (mol/l),Ali Class,Silicos-IT LogSw,Silicos-IT Solubility (mg/ml),Silicos-IT Solubility (mol/l),Silicos-IT class,GI absorption,BBB permeant,Pgp substrate,CYP1A2 inhibitor,CYP2C19 inhibitor,CYP2C9 inhibitor,CYP2D6 inhibitor,CYP3A4 inhibitor,log Kp (cm/s),Lipinski #violations,Ghose #violations,Veber #violations,Egan #violations,Muegge #violations,Bioavailability Score,PAINS #alerts,Brenk #alerts,Leadlikeness #violations,Synthetic Accessibility
1,Acridine,C12=C(N=C3C(=C1)C=CC=C3)C=CC=C2,179.22,0,1,0,179.073499291,179.073499291,12.9,14,0,181.0,0,0,0,0,0,1,Yes,3.4,,Acridine,C12=C(N=C3C(=C1)C=CC=C3)C=CC=C2,C13H9N,179.22,14,14,0.0,0,1,0,59.25,12.89,2.24,3.4,3.39,3.06,3.54,3.13,-3.83,0.0263,0.000147,Soluble,-3.35,0.08,0.000447,Soluble,-5.37,0.000757,4.23e-06,Moderately soluble,High,Yes,Yes,Yes,No,No,No,No,-4.98,0,0,0,0,2,0.55,0,1,1,1.03
1,Acridine Hydrochloride,C12=C(N=C3C(=C1)C=CC=C3)C=CC=C2.Cl,215.68,1,1,0,215.050177,215.050177,12.9,15,0,181.0,0,0,0,0,0,2,Yes,,,Acridine Hydrochloride,C12=C(N=C3C(=C1)C=CC=C3)C=CC=C2.Cl,C13H10ClN,215.68,15,14,0.0,0,1,0,66.21,12.89,0.0,4.2,4.19,3.33,3.54,3.05,-4.51,0.00661,3.06e-05,Moderately soluble,-4.18,0.0142,6.6e-05,Moderately soluble,-5.37,0.000912,4.23e-06,Moderately soluble,High,Yes,Yes,Yes,No,No,No,No,-4.63,0,0,0,0,1,0.55,0,1,2,1.15
1,Amiodarone Hydrochloride,C(=O)(C=1C=2C(OC1CCCC)=CC=CC2)C3=CC(I)=C(OCCN(CC)CC)C(I)=C3.Cl,681.8,1,4,11,681.00037,681.00037,42.7,32,0,547.0,0,0,0,0,0,2,Yes,,,Amiodarone Hydrochloride,C(=O)(C=1C=2C(OC1CCCC)=CC=CC2)C3=CC(I)=C(OCCN(CC)CC)C(I)=C3.Cl,C25H30ClI2NO3,681.77,32,15,0.4,11,4,0,151.3,42.68,0.0,8.37,7.74,4.64,8.24,5.8,-8.96,7.46e-07,1.09e-09,Poorly soluble,-9.13,5.02e-07,7.36e-10,Poorly soluble,-10.36,2.98e-08,4.37e-11,Insoluble,Low,No,Yes,No,No,No,Yes,No,-4.52,2,3,1,1,2,0.17,0,1,3,4.08
1,Amlodipine,C(OCC)(=O)C=1C(C(C(OC)=O)=C(C)NC1COCCN)C2=C(Cl)C=CC=C2,408.9,2,7,10,408.1451996,408.1451996,99.9,28,0,647.0,0,0,1,0,0,1,Yes,3.0,,Amlodipine,C(OCC)(=O)C=1C(C(C(OC)=O)=C(C)NC1COCCN)C2=C(Cl)C=CC=C2,C20H25ClN2O5,408.88,28,6,0.4,10,6,2,108.93,99.88,3.17,3.0,1.89,1.33,3.21,2.52,-3.76,0.0705,0.000172,Soluble,-4.76,0.00708,1.73e-05,Moderately soluble,-5.62,0.000985,2.41e-06,Moderately soluble,High,No,Yes,Yes,Yes,Yes,No,Yes,-6.66,0,0,0,0,0,0.55,0,1,2,4.39
1,Amlodipine besylate,S(=O)(=O)(O)C1=CC=CC=C1.C(OCC)(=O)C=1C(C(C(OC)=O)=C(C)NC1COCCN)C2=C(Cl)C=CC=C2,567.1,3,10,11,566.1489648,566.1489648,163.0,38,0,830.0,0,0,1,0,0,2,Yes,,,Amlodipine besylate,S(=O)(=O)(O)C1=CC=CC=C1.C(OCC)(=O)C=1C(C(C(OC)=O)=C(C)NC1COCCN)C2=C(Cl)C=CC=C2,C26H31ClN2O8S,567.05,38,12,0.31,11,9,3,145.23,162.63,3.67,1.39,3.9,1.77,3.21,2.79,-3.74,0.103,0.000182,Soluble,-4.41,0.0221,3.9e-05,Moderately soluble,-5.62,0.00137,2.41e-06,Moderately soluble,Low,No,Yes,No,No,No,No,No,-8.77,1,2,2,1,1,0.55,0,2,2,5.02
1,Atorvastatin,C(NC1=CC=CC=C1)(=O)C=2C(=C(N(CC[C@H](C[C@H](CC(O)=O)O)O)C2C(C)C)C3=CC=C(F)C=C3)C4=CC=CC=C4,558.6,4,6,12,558.25300038,558.25300038,112.0,41,0,822.0,0,2,0,0,0,1,Yes,,5.0,Atorvastatin,C(NC1=CC=CC=C1)(=O)C=2C(=C(N(CC[C@H](C[C@H](CC(O)=O)O)O)C2C(C)C)C3=CC=C(F)C=C3)C4=CC=CC=C4,C33H35FN2O5,558.64,41,23,0.27,13,6,4,158.26,111.79,3.58,4.96,6.54,3.48,6.15,4.94,-5.99,0.000578,1.03e-06,Moderately soluble,-7.05,5.03e-05,9e-08,Poorly soluble,-9.13,4.17e-07,7.46e-10,Poorly soluble,Low,No,Yes,No,Yes,No,Yes,Yes,-6.19,1,4,1,1,0,0.56,0,0,3,4.95
1,Benidipine Hydrochloride,C(O[C@H]1CN(CC2=CC=CC=C2)CCC1)(=O)C=3[C@@H](C(C(OC)=O)=C(C)NC3C)C4=CC(N(=O)=O)=CC=C4.Cl,542.0,2,8,8,541.1979634,541.1979634,114.0,38,0,933.0,0,2,0,0,0,2,Yes,,,Benidipine Hydrochloride,C(O[C@H]1CN(CC2=CC=CC=C2)CCC1)(=O)C=3[C@@H](C(C(OC)=O)=C(C)NC3C)C4=CC(N(=O)=O)=CC=C4.Cl,C28H32ClN3O6,542.02,38,12,0.36,9,7,1,154.71,113.69,0.0,5.41,4.62,2.33,2.58,2.99,-6.25,0.000306,5.64e-07,Poorly soluble,-7.55,1.52e-05,2.8e-08,Poorly soluble,-7.18,3.61e-05,6.65e-08,Poorly soluble,High,No,Yes,No,No,Yes,No,Yes,-5.77,1,2,0,0,1,0.55,0,2,3,5.04
1,Benzbromarone,C(=O)(C=1C=2C(OC1CC)=CC=CC2)C3=CC(Br)=C(O)C(Br)=C3,424.1,1,3,3,423.91327,421.91532,50.4,22,0,405.0,0,0,0,0,0,1,Yes,5.7,,Benzbromarone,C(=O)(C=1C=2C(OC1CC)=CC=CC2)C3=CC(Br)=C(O)C(Br)=C3,C17H12Br2O3,424.08,22,15,0.12,3,3,1,93.28,50.44,3.31,5.66,5.46,3.43,5.55,4.68,-6.34,0.000193,4.55e-07,Poorly soluble,-6.48,0.000139,3.28e-07,Poorly soluble,-7.57,1.13e-05,2.67e-08,Poorly soluble,High,Yes,No,Yes,Yes,Yes,No,No,-4.87,0,0,0,0,1,0.55,0,0,2,3.14
1,Bezafibrate,C(NCCC1=CC=C(OC(C(O)=O)(C)C)C=C1)(=O)C2=CC=C(Cl)C=C2,361.8,2,4,7,361.1080858,361.1080858,75.6,25,0,452.0,0,0,0,0,0,1,Yes,3.8,,Bezafibrate,C(NCCC1=CC=C(OC(C(O)=O)(C)C)C=C1)(=O)C2=CC=C(Cl)C=C2,C19H20ClNO4,361.82,25,12,0.26,8,4,2,96.46,75.63,2.74,3.8,3.55,3.16,3.8,3.41,-4.3,0.0179,4.96e-05,Moderately soluble,-5.08,0.00299,8.27e-06,Moderately soluble,-6.23,0.000213,5.89e-07,Poorly soluble,High,Yes,No,Yes,Yes,Yes,Yes,Yes,-5.81,0,0,0,0,0,0.56,0,0,3,2.18
1,Bufexamac,C(C(NO)=O)C1=CC=C(OCCCC)C=C1,223.27,2,3,6,223.1208434,223.1208434,58.6,16,0,200.0,0,0,0,0,0,1,Yes,,1.9,Bufexamac,C(C(NO)=O)C1=CC=C(OCCCC)C=C1,C12H17NO3,223.27,16,6,0.42,7,3,2,60.86,58.56,1.79,2.08,1.91,1.8,1.9,1.9,-2.35,0.997,0.00447,Soluble,-2.94,0.257,0.00115,Soluble,-3.58,0.0591,0.000265,Soluble,High,Yes,No,No,No,No,No,No,-6.19,0,0,0,0,0,0.55,0,2,1,1.86
1,Candesartan cilexetil,C(N1C=2C(N=C1OCC)=CC=CC2C(OC(OC(OC3CCCCC3)=O)C)=O)C4=CC=C(C=C4)C5=C(C=CC=C5)C=6NN=NN6,610.7,1,10,13,610.25398283,610.25398283,143.0,45,0,962.0,0,0,1,0,0,1,Yes,,7.0,Candesartan cilexetil,C(N1C=2C(N=C1OCC)=CC=CC2C(OC(OC(OC3CCCCC3)=O)C)=O)C4=CC=C(C=C4)C5=C(C=CC=C5)C=6NN=NN6,C33H34N6O6,610.66,45,26,0.33,13,10,1,165.77,143.34,4.31,7.11,6.32,4.14,4.95,5.36,-7.67,1.29e-05,2.11e-08,Poorly soluble,-9.94,7.02e-08,1.15e-10,Poorly soluble,-9.34,2.78e-07,4.55e-10,Poorly soluble,Low,No,No,Yes,No,Yes,No,Yes,-4.98,2,4,2,2,2,0.56,0,2,3,5.01
1,Chlorpromazine Hydrochloride,C(CCN(C)C)N1C=2C(SC=3C1=CC=CC3)=CC=C(Cl)C2.Cl,355.3,1,3,4,354.0724252,354.0724252,31.8,22,0,339.0,0,0,0,0,0,2,Yes,,,Chlorpromazine Hydrochloride,C(CCN(C)C)N1C=2C(SC=3C1=CC=CC3)=CC=C(Cl)C2.Cl,C17H20Cl2N2S,355.33,22,12,0.29,4,1,0,102.04,31.78,0.0,5.99,5.32,4.58,3.94,3.97,-5.96,0.000393,1.11e-06,Moderately soluble,-6.43,0.000131,3.68e-07,Poorly soluble,-6.28,0.000189,5.31e-07,Poorly soluble,High,Yes,Yes,Yes,No,No,Yes,Yes,-4.21,1,0,0,0,1,0.55,0,0,2,3.2
1,Cilnidipine,C(OC/C=C/C1=CC=CC=C1)(=O)C=2C(C(C(OCCOC)=O)=C(C)NC2C)C3=CC(N(=O)=O)=CC=C3,492.5,1,8,11,492.18965124,492.18965124,120.0,36,0,896.0,0,0,1,1,0,1,Yes,4.4,,Cilnidipine,C(OC/C=C/C1=CC=CC=C1)(=O)C=2C(C(C(OCCOC)=O)=C(C)NC2C)C3=CC(N(=O)=O)=CC=C3,C27H28N2O7,492.52,36,12,0.26,12,7,1,139.64,119.68,4.0,4.11,4.31,1.87,3.42,3.54,-4.94,0.00569,1.15e-05,Moderately soluble,-6.33,0.000231,4.68e-07,Poorly soluble,-7.34,2.26e-05,4.59e-08,Poorly soluble,High,No,No,No,Yes,Yes,Yes,Yes,-6.39,0,2,1,0,0,0.55,0,2,3,4.73
1,Ciprofloxacin,O=C1C=2C(N(C=C1C(O)=O)C3CC3)=CC(=C(F)C2)N4CCNCC4,331.34,2,7,3,331.13321961,331.13321961,72.9,24,0,571.0,0,0,0,0,0,1,Yes,-1.1,,Ciprofloxacin,O=C1C=2C(N(C=C1C(O)=O)C3CC3)=CC(=C(F)C2)N4CCNCC4,C17H18FN3O3,331.34,24,10,0.41,3,5,2,95.25,74.57,2.24,-1.08,1.18,1.28,1.9,1.1,-1.32,15.7,0.0474,Very soluble,0.0,334.0,1.01,Highly soluble,-3.5,0.104,0.000313,Soluble,High,No,Yes,No,No,No,No,No,-9.09,0,0,0,0,0,0.55,0,0,0,2.51
1,Clofibrate,O(C(C(OCC)=O)(C)C)C1=CC=C(Cl)C=C1,242.7,0,3,5,242.070972,242.070972,35.5,16,0,232.0,0,0,0,0,0,1,Yes,3.3,,Clofibrate,O(C(C(OCC)=O)(C)C)C1=CC=C(Cl)C=C1,C12H15ClO3,242.7,16,6,0.42,5,3,0,63.3,35.53,2.99,3.26,3.06,2.79,3.01,3.02,-3.35,0.109,0.000451,Soluble,-3.68,0.0507,0.000209,Soluble,-4.06,0.0209,8.63e-05,Moderately soluble,High,Yes,No,Yes,Yes,No,No,No,-5.47,0,0,0,0,0,0.55,0,0,1,2.09
1,Diclofenac Sodium,N(C1=C(CC(O)=O)C=CC=C1)C2=C(Cl)C=CC=C2Cl.[Na],318.1,1,3,4,316.9986282,316.9986282,52.2,20,0,310.0,0,0,0,0,0,2,Yes,,,Diclofenac Sodium,N(C1=C(CC(O)=O)C=CC=C1)C2=C(Cl)C=CC=C2Cl.[Na],C14H11Cl2NNaO2,319.14,20,12,0.07,4,2,2,77.55,49.33,-7.25,4.4,4.36,3.84,3.74,1.82,-4.77,0.00541,1.7e-05,Moderately soluble,-5.15,0.00224,7.03e-06,Moderately soluble,-5.97,0.000344,1.08e-06,Moderately soluble,High,Yes,Yes,No,No,No,No,No,-5.12,0,0,0,0,0,0.85,0,0,1,2.29
1,Doxycycline Hydrochloride,O[C@]12[C@]([C@H](N(C)C)C(O)=C(C(N)=O)C1=O)([C@@H](O)[C@]3(C(=C2O)C(=O)C=4C([C@@H]3C)=CC=CC4O)[H])[H].Cl,480.9,7,9,2,480.1299435,480.1299435,182.0,33,0,956.0,0,6,0,0,0,2,Yes,,,Doxycycline Hydrochloride,O[C@]12[C@]([C@H](N(C)C)C(O)=C(C(N)=O)C1=O)([C@@H](O)[C@]3(C(=C2O)C(=O)C=4C([C@@H]3C)=CC=CC4O)[H])[H].Cl,C22H25ClN2O8,480.9,33,6,0.41,2,9,6,117.3,181.62,0.0,0.78,0.45,-1.87,-0.98,-0.32,-3.32,0.233,0.000484,Soluble,-4.17,0.0322,6.69e-05,Moderately soluble,-1.37,20.4,0.0424,Soluble,Low,No,Yes,No,No,No,No,No,-8.68,1,1,1,1,2,0.11,0,1,1,5.22
1,Enoxacin,C(C)N1C=2C(C(=O)C(C(O)=O)=C1)=CC(F)=C(N2)N3CCNCC3,320.32,2,8,3,320.12846858,320.12846858,85.8,23,0,521.0,0,0,0,0,0,1,Yes,-0.2,,Enoxacin,C(C)N1C=2C(C(=O)C(C(O)=O)=C1)=CC(F)=C(N2)N3CCNCC3,C15H17FN4O3,320.32,23,10,0.4,3,6,2,90.35,87.46,2.04,-0.2,0.32,1.07,1.28,0.9,-1.82,4.81,0.015,Very soluble,-1.18,21.1,0.066,Very soluble,-3.33,0.149,0.000466,Soluble,High,No,Yes,No,No,No,No,No,-8.4,0,0,0,0,0,0.55,0,0,0,2.63
1,Fenofibrate,C(=O)(C1=CC=C(OC(C(OC(C)C)=O)(C)C)C=C1)C2=CC=C(Cl)C=C2,360.8,0,4,7,360.1128368,360.1128368,52.6,25,0,458.0,0,0,0,0,0,1,Yes,,5.2,Fenofibrate,C(=O)(C1=CC=C(OC(C(OC(C)C)=O)(C)C)C=C1)C2=CC=C(Cl)C=C2,C20H21ClO4,360.83,25,12,0.3,7,4,0,97.98,52.6,3.67,5.17,4.68,3.54,4.95,4.4,-5.23,0.00214,5.92e-06,Moderately soluble,-6.02,0.000344,9.53e-07,Poorly soluble,-6.51,0.000112,3.1e-07,Poorly soluble,High,Yes,No,Yes,Yes,Yes,Yes,No,-4.83,0,0,0,0,1,0.55,0,0,2,2.64
1,Fluphenazine,C(CCN1CCN(CCO)CC1)N2C=3C(SC=4C2=CC=CC4)=CC=C(C(F)(F)F)C3,437.5,1,8,6,437.17486812,437.17486812,55.2,30,0,544.0,0,0,0,0,0,1,Yes,4.4,,Fluphenazine,C(CCN1CCN(CCO)CC1)N2C=3C(SC=4C2=CC=CC4)=CC=C(C(F)(F)F)C3,C22H26F3N3OS,437.52,30,12,0.45,7,6,1,124.07,55.25,3.83,4.36,4.32,3.57,4.05,4.03,-5.13,0.00322,7.35e-06,Moderately soluble,-5.24,0.00254,5.81e-06,Moderately soluble,-6.36,0.000191,4.38e-07,Poorly soluble,High,Yes,Yes,Yes,No,No,Yes,No,-5.87,0,0,0,0,0,0.55,0,0,2,3.58
1,Fluvastatin Sodium,C(=C/[C@@H](C[C@@H](CC(O)=O)O)O)\C1=C(C=2C(N1C(C)C)=CC=CC2)C3=CC=C(F)C=C3.[Na],433.4,2,5,8,433.16653072,433.16653072,85.5,31,0,596.0,0,2,0,1,0,2,Yes,,,Fluvastatin Sodium,C(=C/[C@@H](C[C@@H](CC(O)=O)O)O)\C1=C(C=2C(N1C(C)C)=CC=CC2)C3=CC=C(F)C=C3.[Na],C24H26FNNaO4,434.46,31,15,0.29,8,5,3,116.43,82.69,-6.38,3.49,4.94,2.92,4.57,1.91,-4.56,0.0119,2.74e-05,Moderately soluble,-4.91,0.00535,1.23e-05,Moderately soluble,-5.21,0.00269,6.18e-06,Moderately soluble,High,No,Yes,No,No,No,No,No,-6.47,0,0,0,0,0,0.56,0,0,2,4.36
1,Furosemide,C(O)(=O)C1=C(NCC2=CC=CO2)C=C(Cl)C(S(N)(=O)=O)=C1,330.74,3,7,5,330.0077203,330.0077203,131.0,21,0,481.0,0,0,0,0,0,1,Yes,2.0,,Furosemide,C(O)(=O)C1=C(NCC2=CC=CO2)C=C(Cl)C(S(N)(=O)=O)=C1,C12H11ClN2O5S,330.74,21,11,0.08,5,6,3,75.46,131.01,0.85,2.03,2.63,-1.02,0.65,1.03,-3.23,0.196,0.000593,Soluble,-4.41,0.0129,3.9e-05,Moderately soluble,-4.11,0.0254,7.69e-05,Moderately soluble,High,No,No,No,No,No,No,No,-6.88,0,0,0,0,0,0.56,0,0,0,2.43
1,Glibenclamide,C(NCCC1=CC=C(S(NC(NC2CCCCC2)=O)(=O)=O)C=C1)(=O)C3=C(OC)C=CC(Cl)=C3,494.0,3,5,8,493.1438199,493.1438199,122.0,33,0,746.0,0,0,0,0,0,1,Yes,4.8,,Glibenclamide,C(NCCC1=CC=C(S(NC(NC2CCCCC2)=O)(=O)=O)C=C1)(=O)C3=C(OC)C=CC(Cl)=C3,C23H28ClN3O5S,494.0,33,12,0.39,11,5,3,126.25,121.98,2.81,4.81,4.72,2.17,3.0,3.5,-5.48,0.00165,3.34e-06,Moderately soluble,-7.1,3.89e-05,7.87e-08,Poorly soluble,-7.71,9.63e-06,1.95e-08,Poorly soluble,Low,No,No,No,Yes,Yes,Yes,Yes,-5.9,0,1,1,0,0,0.55,0,0,3,3.34
1,Gliclazide,N(C(NS(=O)(=O)C1=CC=C(C)C=C1)=O)N2CC3C(C2)CCC3,323.4,2,4,3,323.13036271,323.13036271,86.9,22,0,497.0,0,0,2,0,0,1,Yes,1.5,,Gliclazide,N(C(NS(=O)(=O)C1=CC=C(C)C=C1)=O)N2CC3C(C2)CCC3,C15H21N3O3S,323.41,22,6,0.53,5,4,2,86.93,86.89,1.96,1.48,2.33,1.61,0.2,1.52,-2.65,0.725,0.00224,Soluble,-2.91,0.396,0.00123,Soluble,-3.55,0.0905,0.00028,Soluble,High,No,Yes,No,No,No,No,No,-7.22,0,0,0,0,0,0.55,0,0,0,3.52
1,Griseofulvin,O=C1[C@@]2(OC=3C1=C(OC)C=C(OC)C3Cl)C(OC)=CC(=O)C[C@H]2C,352.8,0,6,3,352.071366,352.071366,71.1,24,0,575.0,0,2,0,0,0,1,Yes,2.2,,Griseofulvin,O=C1[C@@]2(OC=3C1=C(OC)C=C(OC)C3Cl)C(OC)=CC(=O)C[C@H]2C,C17H17ClO6,352.77,24,6,0.41,3,6,0,86.59,71.06,2.95,2.18,2.81,0.71,3.39,2.41,-3.39,0.145,0.00041,Soluble,-3.31,0.175,0.000495,Soluble,-4.71,0.00689,1.95e-05,Moderately soluble,High,Yes,No,Yes,No,Yes,No,Yes,-6.9,0,0,0,0,0,0.85,0,0,1,4.59
1,Hydrochlorothiazide,O=S1(=O)C=2C(=CC(Cl)=C(S(N)(=O)=O)C2)NCN1,297.7,3,7,1,296.9644758,296.9644758,135.0,17,0,494.0,0,0,0,0,0,1,Yes,-0.1,,Hydrochlorothiazide,O=S1(=O)C=2C(=CC(Cl)=C(S(N)(=O)=O)C2)NCN1,C7H8ClN3O4S2,297.74,17,6,0.14,1,6,3,67.58,135.12,-0.19,-0.07,0.86,-0.86,-0.96,-0.24,-1.84,4.33,0.0146,Very soluble,-2.32,1.44,0.00483,Soluble,-2.87,0.401,0.00135,Soluble,High,No,No,No,No,No,No,No,-8.17,0,0,0,1,0,0.55,0,0,0,2.87
1,Ibuprofen,C(C(O)=O)(C)C1=CC=C(CC(C)C)C=C1,206.28,1,2,4,206.130679813,206.130679813,37.3,15,0,203.0,0,0,1,0,0,1,Yes,3.5,,Ibuprofen,C(C(O)=O)(C)C1=CC=C(CC(C)C)C=C1,C13H18O2,206.28,15,6,0.46,4,2,1,62.18,37.3,2.17,3.5,3.07,3.13,3.15,3.0,-3.36,0.0909,0.000441,Soluble,-3.97,0.0223,0.000108,Soluble,-3.44,0.0749,0.000363,Soluble,High,Yes,No,No,No,No,No,No,-5.07,0,0,0,0,0,0.85,0,0,1,1.92
1,Indomethacin,C(=O)(N1C=2C(C(CC(O)=O)=C1C)=CC(OC)=CC2)C3=CC=C(Cl)C=C3,357.8,1,4,4,357.0767857,357.0767857,68.5,25,0,506.0,0,0,0,0,0,1,Yes,4.3,,Indomethacin,C(=O)(N1C=2C(C(CC(O)=O)=C1C)=CC(OC)=CC2)C3=CC=C(Cl)C=C3,C19H16ClNO4,357.79,25,15,0.16,5,4,1,96.12,68.53,2.76,4.27,3.93,3.3,3.91,3.63,-4.86,0.00491,1.37e-05,Moderately soluble,-5.42,0.00136,3.79e-06,Moderately soluble,-5.79,0.000583,1.63e-06,Moderately soluble,High,Yes,No,Yes,Yes,Yes,No,No,-5.45,0,0,0,0,0,0.85,0,0,2,2.51
1,Ketoprofen,C(=O)(C1=CC(C(C(O)=O)C)=CC=C1)C2=CC=CC=C2,254.28,1,3,4,254.094294304,254.094294304,54.4,19,0,331.0,0,0,1,0,0,1,Yes,3.1,,Ketoprofen,C(=O)(C1=CC(C(C(O)=O)C)=CC=C1)C2=CC=CC=C2,C16H14O3,254.28,19,12,0.12,4,3,1,72.67,54.37,1.9,3.12,3.11,2.69,3.37,2.84,-3.59,0.066,0.00026,Soluble,-3.93,0.0298,0.000117,Soluble,-4.68,0.00535,2.1e-05,Moderately soluble,High,Yes,No,No,No,No,No,No,-5.64,0,0,0,0,0,0.85,0,0,0,2.57
1,Levofloxacin,O=C1C=2C3=C(C(=C(F)C2)N4CCN(C)CC4)OC[C@H](C)N3C=C1C(O)=O,361.4,1,8,2,361.14378429,361.14378429,73.3,26,0,634.0,0,1,0,0,0,1,Yes,-0.4,,Levofloxacin,O=C1C=2C3=C(C(=C(F)C2)N4CCN(C)CC4)OC[C@H](C)N3C=C1C(O)=O,C18H20FN3O4,361.37,26,10,0.44,2,6,1,101.83,75.01,2.25,-0.39,1.2,0.72,1.47,1.05,-1.99,3.72,0.0103,Very soluble,-0.72,68.6,0.19,Very soluble,-3.01,0.356,0.000986,Soluble,High,No,Yes,No,No,No,No,No,-8.78,0,0,0,0,0,0.55,0,0,1,3.63
1,Lomefloxacin Hydrochloride,C(C)N1C=2C(C(=O)C(C(O)=O)=C1)=CC(F)=C(C2F)N3CC(C)NCC3.Cl,387.8,3,8,3,387.1161255,387.1161255,72.9,26,0,586.0,0,0,1,0,0,2,Yes,,,Lomefloxacin Hydrochloride,C(C)N1C=2C(C(=O)C(C(O)=O)=C1)=CC(F)=C(C2F)N3CC(C)NCC3.Cl,C17H20ClF2N3O3,387.81,26,10,0.41,3,6,2,104.28,74.57,0.0,0.0,2.68,1.9,2.34,1.38,-2.33,1.81,0.00467,Soluble,-1.12,29.6,0.0764,Very soluble,-4.12,0.0294,7.57e-05,Moderately soluble,High,Yes,Yes,No,No,No,No,No,-8.67,0,0,0,0,0,0.55,0,0,1,3.19
1,Losartan Potassium,C(N1C(CCCC)=NC(Cl)=C1CO)C2=CC=C(C=C2)C3=C(C=CC=C3)C=4NN=NN4.[K],461.0,1,6,8,460.1180685,460.1180685,77.7,31,0,526.0,0,0,0,0,0,2,Yes,,,Losartan Potassium,C(N1C(CCCC)=NC(Cl)=C1CO)C2=CC=C(C=C2)C3=C(C=CC=C3)C=4NN=NN4.[K],C22H23ClKN6O,462.01,31,22,0.27,8,5,2,117.11,92.51,-4.82,4.36,4.11,3.36,4.94,2.39,-5.45,0.00165,3.56e-06,Moderately soluble,-6.02,0.000443,9.59e-07,Poorly soluble,-8.41,1.81e-06,3.91e-09,Poorly soluble,High,No,Yes,No,Yes,No,No,No,-6.02,0,0,0,0,0,0.56,0,0,3,3.51
1,Lovastatin,O(C([C@H](CC)C)=O)[C@@H]1[C@]2(C(C=C[C@H](C)[C@@H]2CC[C@@H]3C[C@@H](O)CC(=O)O3)=C[C@H](C)C1)[H],404.5,1,5,7,404.25627424,404.25627424,72.8,29,0,666.0,0,8,0,0,0,1,Yes,4.3,,Lovastatin,O(C([C@H](CC)C)=O)[C@@H]1[C@]2(C(C=C[C@H](C)[C@@H]2CC[C@@H]3C[C@@H](O)CC(=O)O3)=C[C@H](C)C1)[H],C24H36O5,404.54,29,0,0.75,7,5,1,113.92,72.83,3.86,4.26,4.2,3.57,3.51,3.88,-4.57,0.0109,2.69e-05,Moderately soluble,-5.5,0.00128,3.15e-06,Moderately soluble,-3.19,0.263,0.00065,Soluble,High,Yes,No,No,No,Yes,No,Yes,-5.74,0,0,0,0,0,0.55,0,1,2,5.76
1,Manidipine Hydrochloride,C(OCCN1CCN(C(C2=CC=CC=C2)C3=CC=CC=C3)CC1)(=O)C=4C(C(C(OC)=O)=C(C)NC4C)C5=CC(N(=O)=O)=CC=C5.Cl,683.6,3,9,11,682.2324904,682.2324904,117.0,47,0,1090.0,0,0,1,0,0,3,Yes,,,Manidipine Hydrochloride,C(OCCN1CCN(C(C2=CC=CC=C2)C3=CC=CC=C3)CC1)(=O)C=4C(C(C(OC)=O)=C(C)NC4C)C5=CC(N(=O)=O)=CC=C5.Cl,C35H39ClN4O6,647.16,46,18,0.31,12,8,1,190.81,116.93,0.0,6.0,4.81,2.65,3.54,3.4,-7.13,4.8e-05,7.41e-08,Poorly soluble,-8.23,3.79e-06,5.85e-09,Poorly soluble,-9.3,3.22e-07,4.98e-10,Poorly soluble,Low,No,Yes,No,No,Yes,No,Yes,-5.99,1,3,1,0,2,0.55,0,2,3,5.7
1,Meloxicam,OC=1C=2C(S(=O)(=O)N(C)C1C(NC3=NC=C(C)S3)=O)=CC=CC2,351.4,2,7,2,351.03474825,351.03474825,136.0,23,0,628.0,0,0,0,0,0,1,Yes,3.0,,Meloxicam,OC=1C=2C(S(=O)(=O)N(C)C1C(NC3=NC=C(C)S3)=O)=CC=CC2,C14H13N3O4S2,351.4,23,11,0.14,3,5,2,90.37,136.22,1.74,3.43,2.46,-0.67,1.3,1.65,-4.34,0.0162,4.62e-05,Moderately soluble,-5.97,0.000376,1.07e-06,Moderately soluble,-3.75,0.0619,0.000176,Soluble,High,No,No,No,No,Yes,No,Yes,-6.01,0,0,0,1,0,0.56,0,0,1,3.57
1,Methotrexate,NC=1C2=C(N=CC(CN(C)C3=CC=C(C(N[C@@H](CCC(O)=O)C(O)=O)=O)C=C3)=N2)N=C(N)N1,454.4,5,12,9,454.17131583,454.17131583,211.0,33,0,704.0,0,1,0,0,0,1,Yes,-1.8,,Methotrexate,NC=1C2=C(N=CC(CN(C)C3=CC=C(C(N[C@@H](CCC(O)=O)C(O)=O)=O)C=C3)=N2)N=C(N)N1,C20H22N8O5,454.44,33,16,0.25,10,9,5,118.4,210.54,1.53,-1.85,0.13,-0.73,-0.66,-0.32,-1.19,29.3,0.0644,Very soluble,-2.05,4.02,0.00886,Soluble,-3.99,0.0467,0.000103,Soluble,Low,No,Yes,No,No,No,No,No,-10.39,1,0,1,1,1,0.11,0,0,2,3.58
1,8-Methoxypsoralen,O(C)C=1C2=C(C=C3C1OC=C3)C=CC(=O)O2,216.19,0,4,1,216.04225873,216.04225873,48.7,16,0,325.0,0,0,0,0,0,1,Yes,1.9,,8-Methoxypsoralen,O(C)C=1C2=C(C=C3C1OC=C3)C=CC(=O)O2,C12H8O4,216.19,16,13,0.08,1,4,0,58.75,52.58,2.22,2.0,2.55,1.18,2.88,2.16,-2.98,0.229,0.00106,Soluble,-2.73,0.402,0.00186,Soluble,-4.63,0.00501,2.32e-05,Moderately soluble,High,Yes,No,Yes,No,No,No,No,-6.2,0,0,0,0,0,0.55,0,1,1,2.97
1,6-Methylcoumarin,CC=1C=C2C(OC(=O)C=C2)=CC1,160.17,0,2,0,160.052429494,160.052429494,26.3,12,0,220.0,0,0,0,0,0,1,Yes,1.8,,6-Methylcoumarin,CC=1C=C2C(OC(=O)C=C2)=CC1,C10H8O2,160.17,12,10,0.1,0,2,0,47.45,30.21,2.03,1.75,2.1,1.95,2.94,2.15,-2.55,0.449,0.0028,Soluble,-2.0,1.6,0.00996,Soluble,-3.99,0.0165,0.000103,Soluble,High,Yes,No,Yes,No,No,No,No,-6.03,0,0,0,0,1,0.55,0,1,1,2.48
1,Mequitazine,C(N1C=2C(SC=3C1=CC=CC3)=CC=CC2)C4C5CCN(C4)CC5,322.5,0,3,2,322.15036988,322.15036988,31.8,23,0,398.0,0,0,1,0,0,1,Yes,,4.6,Mequitazine,C(N1C=2C(SC=3C1=CC=CC3)=CC=CC2)C4C5CCN(C4)CC5,C20H22N2S,322.47,23,12,0.4,2,1,0,104.18,31.78,3.45,4.56,3.87,4.54,3.57,4.0,-4.97,0.00349,1.08e-05,Moderately soluble,-4.95,0.00361,1.12e-05,Moderately soluble,-5.55,0.000907,2.81e-06,Moderately soluble,High,Yes,Yes,No,No,No,Yes,No,-5.03,1,0,0,0,0,0.55,1,0,1,4.76
1,Nalidixic acid,C(C)N1C=2C(C(=O)C(C(O)=O)=C1)=CC=C(C)N2,232.23,1,5,2,232.08479225,232.08479225,70.5,17,0,378.0,0,0,0,0,0,1,Yes,1.4,,Nalidixic acid,C(C)N1C=2C(C(=O)C(C(O)=O)=C1)=CC=C(C)N2,C12H12N2O3,232.24,17,10,0.25,2,4,1,64.0,72.19,1.54,1.41,1.42,0.83,1.68,1.38,-2.47,0.784,0.00338,Soluble,-2.53,0.685,0.00295,Soluble,-2.97,0.248,0.00107,Soluble,High,No,No,No,No,No,No,No,-6.72,0,0,0,0,0,0.85,0,0,1,1.94
1,Naproxen,[C@H](C(O)=O)(C)C1=CC2=C(C=C(OC)C=C2)C=C1,230.26,1,3,3,230.094294304,230.094294304,46.5,17,0,277.0,0,1,0,0,0,1,Yes,3.3,,Naproxen,[C@H](C(O)=O)(C)C1=CC2=C(C=C(OC)C=C2)C=C1,C14H14O3,230.26,17,10,0.21,3,3,1,66.79,46.53,1.95,3.34,3.04,2.57,2.9,2.76,-3.61,0.0566,0.000246,Soluble,-3.99,0.0233,0.000101,Soluble,-4.02,0.0221,9.62e-05,Moderately soluble,High,Yes,No,No,No,No,No,No,-5.33,0,0,0,0,0,0.85,0,0,1,1.85
1,Nicardipine Hydrochloride,C(OCCN(CC1=CC=CC=C1)C)(=O)C=2C(C(C(OC)=O)=C(C)NC2C)C3=CC(N(=O)=O)=CC=C3.Cl,516.0,2,8,10,515.1823134,515.1823134,114.0,36,0,856.0,0,0,1,0,0,2,Yes,,,Nicardipine Hydrochloride,C(OCCN(CC1=CC=CC=C1)C)(=O)C=2C(C(C(OC)=O)=C(C)NC2C)C3=CC(N(=O)=O)=CC=C3.Cl,C26H30ClN3O6,515.99,36,12,0.31,11,7,1,143.29,113.69,0.0,4.62,4.47,1.94,2.42,2.69,-5.47,0.00175,3.39e-06,Moderately soluble,-6.73,9.54e-05,1.85e-07,Poorly soluble,-7.25,2.93e-05,5.68e-08,Poorly soluble,High,No,Yes,No,Yes,Yes,No,Yes,-6.17,1,2,1,0,0,0.55,0,2,3,4.65
1,Nitrendipine,C(OCC)(=O)C=1C(C(C(OC)=O)=C(C)NC1C)C2=CC(N(=O)=O)=CC=C2,360.4,1,7,6,360.13213636,360.13213636,110.0,26,0,661.0,0,0,1,0,0,1,Yes,2.9,,Nitrendipine,C(OCC)(=O)C=1C(C(C(OC)=O)=C(C)NC1C)C2=CC(N(=O)=O)=CC=C2,C18H20N2O6,360.36,26,6,0.33,7,6,1,99.33,110.45,2.95,2.88,2.71,0.99,1.31,2.17,-3.6,0.0911,0.000253,Soluble,-4.86,0.00498,1.38e-05,Moderately soluble,-4.69,0.00732,2.03e-05,Moderately soluble,High,No,No,Yes,Yes,Yes,Yes,Yes,-6.45,0,0,0,0,0,0.55,0,2,1,3.94
1,Norfloxacin,C(C)N1C=2C(C(=O)C(C(O)=O)=C1)=CC(F)=C(C2)N3CCNCC3,319.33,2,7,3,319.13321961,319.13321961,72.9,23,0,519.0,0,0,0,0,0,1,Yes,-1.0,,Norfloxacin,C(C)N1C=2C(C(=O)C(C(O)=O)=C1)=CC(F)=C(C2)N3CCNCC3,C16H18FN3O3,319.33,23,10,0.38,3,5,2,92.55,74.57,2.16,-1.03,0.93,1.04,1.82,0.98,-1.29,16.2,0.0507,Very soluble,-0.05,286.0,0.895,Very soluble,-3.7,0.0631,0.000198,Soluble,High,No,Yes,No,No,No,No,No,-8.98,0,0,0,0,0,0.55,0,0,0,2.46
1,Ofloxacin,O=C1C=2C3=C(C(=C(F)C2)N4CCN(C)CC4)OCC(C)N3C=C1C(O)=O,361.4,1,8,2,361.14378429,361.14378429,73.3,26,0,634.0,0,0,1,0,0,1,Yes,-0.4,,Ofloxacin,O=C1C=2C3=C(C(=C(F)C2)N4CCN(C)CC4)OCC(C)N3C=C1C(O)=O,C18H20FN3O4,361.37,26,10,0.44,2,6,1,101.83,75.01,2.49,-0.39,1.2,0.72,1.47,1.1,-1.99,3.72,0.0103,Very soluble,-0.72,68.6,0.19,Very soluble,-3.01,0.356,0.000986,Soluble,High,No,Yes,No,No,No,No,No,-8.78,0,0,0,0,0,0.55,0,0,1,3.63
1,Omeprazole,S(CC1=C(C)C(OC)=C(C)C=N1)(=O)C=2NC=3C(N2)=CC=C(OC)C3,345.4,1,6,5,345.11471265,345.11471265,96.3,24,0,453.0,0,0,1,0,0,1,Yes,2.2,,Omeprazole,S(CC1=C(C)C(OC)=C(C)C=N1)(=O)C=2NC=3C(N2)=CC=C(OC)C3,C17H19N3O3S,345.42,24,15,0.29,5,5,1,93.7,96.31,1.64,2.23,3.61,0.91,3.16,2.31,-3.52,0.105,0.000303,Soluble,-3.89,0.0447,0.000129,Soluble,-6.47,0.000117,3.37e-07,Poorly soluble,High,No,Yes,Yes,Yes,No,Yes,Yes,-6.82,0,0,0,0,0,0.55,0,0,0,3.58
1,Perphenazine,C(CCN1CCN(CCO)CC1)N2C=3C(SC=4C2=CC=CC4)=CC=C(Cl)C3,404.0,1,5,6,403.1485113,403.1485113,55.2,27,0,463.0,0,0,0,0,0,1,Yes,4.2,,Perphenazine,C(CCN1CCN(CCO)CC1)N2C=3C(SC=4C2=CC=CC4)=CC=C(Cl)C3,C21H26ClN3OS,403.97,27,12,0.43,6,3,1,124.08,55.25,3.86,4.2,2.8,3.52,3.62,3.6,-4.92,0.00482,1.19e-05,Moderately soluble,-5.07,0.00344,8.52e-06,Moderately soluble,-6.12,0.000307,7.6e-07,Poorly soluble,High,Yes,Yes,Yes,No,No,Yes,No,-5.78,0,0,0,0,0,0.55,0,0,2,3.51
1,Pirfenidone,O=C1N(C=C(C)C=C1)C2=CC=CC=C2,185.22,0,1,1,185.084063974,185.084063974,20.3,14,0,285.0,0,0,0,0,0,1,Yes,,1.9,Pirfenidone,O=C1N(C=C(C)C=C1)C2=CC=CC=C2,C12H11NO,185.22,14,12,0.08,1,1,0,57.01,22.0,2.34,1.86,2.15,2.49,2.58,2.28,-2.73,0.346,0.00187,Soluble,-1.94,2.11,0.0114,Very soluble,-4.01,0.0181,9.75e-05,Moderately soluble,High,Yes,No,Yes,No,No,No,No,-6.11,0,0,0,0,1,0.55,0,0,1,1.83
1,Piroxicam,OC=1C=2C(S(=O)(=O)N(C)C1C(NC3=CC=CC=N3)=O)=CC=CC2,331.3,2,6,2,331.06267708,331.06267708,108.0,23,0,611.0,0,0,0,0,0,1,Yes,3.1,,Piroxicam,OC=1C=2C(S(=O)(=O)N(C)C1C(NC3=CC=CC=N3)=O)=CC=CC2,C15H13N3O4S,331.35,23,12,0.07,3,5,2,87.52,107.98,1.67,3.06,2.09,-0.45,0.14,1.3,-4.01,0.0324,9.77e-05,Moderately soluble,-4.99,0.00336,1.01e-05,Moderately soluble,-4.11,0.0257,7.76e-05,Moderately soluble,High,No,No,No,No,Yes,No,No,-6.15,0,0,0,0,0,0.56,0,0,0,3.42
1,Pitavastatin Calcium,C(=C/[C@H](C[C@H](CC(O)=O)O)O)\C1=C(C2=C(N=C1C3CC3)C=CC=C2)C4=CC=C(F)C=C4.[Ca],881.0,4,12,14,880.2848136,880.2848136,187.0,63,0,626.0,0,4,0,2,0,3,Yes,,,Pitavastatin Calcium,C(=C/[C@H](C[C@H](CC(O)=O)O)O)\C1=C(C2=C(N=C1C3CC3)C=CC=C2)C4=CC=C(F)C=C4.[Ca],C25H24CaFNO4,461.54,32,16,0.28,8,6,3,117.82,90.65,-36.84,3.52,4.77,3.09,5.37,-4.02,-4.76,0.008,1.73e-05,Moderately soluble,-5.11,0.0036,7.81e-06,Moderately soluble,-6.22,0.000279,6.04e-07,Poorly soluble,High,No,Yes,No,No,No,No,No,-6.62,0,0,0,0,0,0.56,0,0,3,4.27
1,Pravastatin Sodium,C(C[C@H](C[C@H](CC(O)=O)O)O)[C@@H]1[C@]2([C@@H](OC([C@H](CC)C)=O)C[C@H](O)C=C2C=C[C@@H]1C)[H].[Na],446.5,3,7,11,446.22804773,446.22804773,127.0,31,0,662.0,0,8,0,0,0,2,Yes,,,Pravastatin Sodium,C(C[C@H](C[C@H](CC(O)=O)O)O)[C@@H]1[C@]2([C@@H](OC([C@H](CC)C)=O)C[C@H](O)C=C2C=C[C@@H]1C)[H].[Na],C23H36NaO7,447.52,31,0,0.74,11,7,4,114.04,124.29,-7.08,2.49,2.44,1.74,2.15,0.35,-3.46,0.156,0.000349,Soluble,-4.75,0.00805,1.8e-05,Moderately soluble,-1.36,19.7,0.0441,Soluble,High,No,Yes,No,No,No,No,No,-7.26,0,0,1,0,0,0.56,0,0,2,5.93
1,Prochlorperazine dimaleate,C(CCN1CCN(C)CC1)N2C=3C(SC=4C2=CC=CC4)=CC=C(Cl)C3.C(=C\C(O)=O)\C(O)=O,606.1,4,12,8,605.1598639,605.1598639,184.0,41,0,548.0,0,0,0,2,0,3,Yes,,,Prochlorperazine dimaleate,C(CCN1CCN(C)CC1)N2C=3C(SC=4C2=CC=CC4)=CC=C(Cl)C3.C(=C\C(O)=O)\C(O)=O,C24H28ClN3O4S,490.01,33,12,0.33,6,6,2,142.52,109.62,4.1,-0.12,3.15,3.1,3.85,2.82,-2.68,1.03,0.00211,Soluble,-1.73,9.15,0.0187,Very soluble,-6.3,0.000247,5.05e-07,Poorly soluble,High,No,Yes,No,Yes,No,Yes,No,-9.37,0,2,0,0,0,0.55,0,1,1,3.84
1,Promethazine Hydrochloride,C(C(N(C)C)C)N1C=2C(SC=3C1=CC=CC3)=CC=CC2.Cl,320.9,1,3,3,320.1113975,320.1113975,31.8,21,0,298.0,0,0,1,0,0,2,Yes,,,Promethazine Hydrochloride,C(C(N(C)C)C)N1C=2C(SC=3C1=CC=CC3)=CC=CC2.Cl,C17H21ClN2S,320.88,21,12,0.29,3,1,0,97.03,31.78,0.0,5.61,4.66,4.08,3.14,3.5,-5.59,0.000827,2.58e-06,Moderately soluble,-6.04,0.000293,9.12e-07,Poorly soluble,-5.3,0.0016,5e-06,Moderately soluble,High,Yes,Yes,Yes,No,No,Yes,Yes,-4.27,0,0,0,0,1,0.55,1,0,1,3.61
1,Quinine Hydrochloride,[C@@H](O)(C=1C2=C(C=CC(OC)=C2)N=CC1)[C@]3([N@@]4C[C@H](C=C)[C@H](C3)CC4)[H].Cl,360.9,2,4,4,360.1604557,360.1604557,45.6,25,0,457.0,0,4,0,0,0,2,Yes,,,Quinine Hydrochloride,[C@@H](O)(C=1C2=C(C=CC(OC)=C2)N=CC1)[C@]3([N@@]4C[C@H](C=C)[C@H](C3)CC4)[H].Cl,C20H25ClN2O2,360.88,25,10,0.45,4,4,1,106.7,45.59,0.0,3.68,3.27,2.45,3.11,2.5,-4.43,0.0135,3.73e-05,Moderately soluble,-4.33,0.017,4.71e-05,Moderately soluble,-4.31,0.0178,4.92e-05,Moderately soluble,High,Yes,Yes,No,No,No,Yes,Yes,-5.89,0,0,0,0,0,0.55,0,1,2,4.42
1,Rosiglitazone,C(C1SC(=O)NC1=O)C2=CC=C(OCCN(C)C3=CC=CC=N3)C=C2,357.4,1,6,7,357.11471265,357.11471265,96.8,25,0,469.0,0,0,1,0,0,1,Yes,,3.1,Rosiglitazone,C(C1SC(=O)NC1=O)C2=CC=C(OCCN(C)C3=CC=CC=N3)C=C2,C18H19N3O3S,357.43,25,12,0.28,7,4,1,101.63,96.83,2.41,3.11,2.11,1.64,2.54,2.36,-3.91,0.0441,0.000123,Soluble,-4.81,0.00551,1.54e-05,Moderately soluble,-5.71,0.000689,1.93e-06,Moderately soluble,High,No,No,No,Yes,Yes,Yes,Yes,-6.27,0,0,0,0,0,0.55,0,1,1,3.35
1,Sparfloxacin,FC1=C2C(C(=O)C(C(O)=O)=CN2C3CC3)=C(N)C(F)=C1N4C[C@H](C)N[C@H](C)C4,392.4,3,9,3,392.1659969,392.1659969,98.9,28,0,691.0,0,2,0,0,0,1,Yes,,0.1,Sparfloxacin,FC1=C2C(C(=O)C(C(O)=O)=CN2C3CC3)=C(N)C(F)=C1N4C[C@H](C)N[C@H](C)C4,C19H22F2N4O3,392.4,28,10,0.47,3,6,3,109.22,100.59,2.33,0.11,2.11,1.6,1.79,1.59,-2.41,1.53,0.0039,Soluble,-1.78,6.55,0.0167,Very soluble,-3.69,0.0792,0.000202,Soluble,High,No,Yes,No,No,No,Yes,No,-8.62,0,0,0,0,0,0.55,0,1,1,3.73
1,Tamoxifen,C(=C(/CC)\C1=CC=CC=C1)(\C2=CC=C(OCCN(C)C)C=C2)/C3=CC=CC=C3,371.5,0,2,8,371.224914549,371.224914549,12.5,28,0,463.0,0,0,0,1,0,1,Yes,,7.1,Tamoxifen,C(=C(/CC)\C1=CC=CC=C1)(\C2=CC=C(OCCN(C)C)C=C2)/C3=CC=CC=C3,C26H29NO,371.51,28,18,0.23,8,2,0,119.72,12.47,4.64,7.14,6.0,5.1,5.99,5.77,-6.59,9.56e-05,2.57e-07,Poorly soluble,-7.22,2.23e-05,5.99e-08,Poorly soluble,-8.92,4.48e-07,1.21e-09,Poorly soluble,Low,No,Yes,No,Yes,No,Yes,No,-3.5,1,1,0,1,1,0.55,0,1,3,3.01
1,Tetracycline Hydrochloride,O[C@@]12[C@@](C[C@]3(C(=C1O)C(=O)C=4C([C@@]3(C)O)=CC=CC4O)[H])([C@H](N(C)C)C(O)=C(C(N)=O)C2=O)[H].Cl,480.9,7,9,2,480.1299435,480.1299435,182.0,33,0,971.0,0,5,0,0,0,2,Yes,,,Tetracycline Hydrochloride,O[C@@]12[C@@](C[C@]3(C(=C1O)C(=O)C=4C([C@@]3(C)O)=CC=CC4O)[H])([C@H](N(C)C)C(O)=C(C(N)=O)C2=O)[H].Cl,C22H25ClN2O8,480.9,33,6,0.41,2,9,6,117.18,181.62,0.0,-0.5,0.48,-1.87,-0.59,-0.5,-2.51,1.49,0.0031,Soluble,-2.85,0.685,0.00142,Soluble,-1.82,7.23,0.015,Soluble,Low,No,Yes,No,No,No,No,No,-9.59,1,1,1,1,2,0.11,0,1,1,5.12
1,Thioridazine Hydrochloride,C(CC1N(C)CCCC1)N2C=3C(SC=4C2=CC=CC4)=CC=C(SC)C3.Cl,407.0,1,4,4,406.1304189,406.1304189,57.1,26,0,432.0,0,0,1,0,0,2,Yes,,,Thioridazine Hydrochloride,C(CC1N(C)CCCC1)N2C=3C(SC=4C2=CC=CC4)=CC=C(SC)C3.Cl,C21H27ClN2S2,407.04,26,12,0.43,4,1,0,124.98,57.08,0.0,6.7,5.93,5.25,4.56,4.49,-6.66,8.86e-05,2.18e-07,Poorly soluble,-7.7,8.08e-06,1.98e-08,Poorly soluble,-6.49,0.000132,3.25e-07,Poorly soluble,High,No,Yes,Yes,No,Yes,Yes,Yes,-4.03,1,1,0,1,1,0.55,0,0,2,4.13
1,Trifluoperazine,C(CCN1CCN(C)CC1)N2C=3C(SC=4C2=CC=CC4)=CC=C(C(F)(F)F)C3,407.5,0,7,4,407.16430344,407.16430344,35.0,28,0,510.0,0,0,0,0,0,1,Yes,5.0,,Trifluoperazine,C(CCN1CCN(C)CC1)N2C=3C(SC=4C2=CC=CC4)=CC=C(C(F)(F)F)C3,C21H24F3N3S,407.5,28,12,0.43,5,5,0,118.1,35.02,3.91,5.03,4.96,4.21,4.27,4.47,-5.52,0.00122,3e-06,Moderately soluble,-5.51,0.00127,3.12e-06,Moderately soluble,-6.54,0.000118,2.89e-07,Poorly soluble,High,Yes,Yes,Yes,No,No,Yes,No,-5.21,1,0,0,0,1,0.55,0,0,2,3.47
1,Valsartan,C(N([C@@H]([C@H](C)C)C(O)=O)C(CCCC)=O)C1=CC=C(C2=C(C=CC=C2)C=3NN=NN3)C=C1,435.5,2,6,10,435.2270398,435.2270398,112.0,32,0,608.0,0,1,0,0,0,1,Yes,,4.4,Valsartan,C(N([C@@H]([C@H](C)C)C(O)=O)C(CCCC)=O)C1=CC=C(C2=C(C=CC=C2)C=3NN=NN3)C=C1,C24H29N5O3,435.52,32,17,0.38,11,6,2,122.95,112.07,2.9,4.46,4.01,3.36,4.21,3.79,-5.02,0.00419,9.61e-06,Moderately soluble,-6.53,0.000128,2.93e-07,Poorly soluble,-6.95,4.88e-05,1.12e-07,Poorly soluble,High,No,No,No,Yes,Yes,No,Yes,-5.79,0,0,1,0,0,0.56,0,0,3,3.56
1,Anthracene,C12=C(C=C3C(=C1)C=CC=C3)C=CC=C2,178.23,0,0,0,178.078250319,178.078250319,0.0,14,0,154.0,0,0,0,0,0,1,Yes,4.4,,Anthracene,C12=C(C=C3C(=C1)C=CC=C3)C=CC=C2,C14H10,178.23,14,14,0.0,0,0,0,61.45,0.0,2.41,4.44,3.99,5.17,4.1,4.02,-4.48,0.00587,3.29e-05,Moderately soluble,-4.16,0.0124,6.94e-05,Moderately soluble,-5.75,0.00032,1.79e-06,Moderately soluble,Low,Yes,No,Yes,Yes,No,No,No,-4.23,1,0,0,0,2,0.55,0,1,2,1.0
1,Avobenzone,C(CC(=O)C1=CC=C(OC)C=C1)(=O)C2=CC=C(C(C)(C)C)C=C2,310.4,0,3,6,310.15689456,310.15689456,43.4,23,0,405.0,0,0,0,0,0,1,Yes,,4.8,Avobenzone,C(CC(=O)C1=CC=C(OC)C=C1)(=O)C2=CC=C(C(C)(C)C)C=C2,C20H22O3,310.39,23,12,0.3,6,3,0,92.11,43.37,3.0,4.76,4.45,3.09,5.05,4.07,-4.75,0.00548,1.76e-05,Moderately soluble,-5.4,0.00123,3.97e-06,Moderately soluble,-6.54,8.99e-05,2.9e-07,Poorly soluble,High,Yes,No,Yes,Yes,No,Yes,Yes,-4.81,0,0,0,0,0,0.55,0,1,1,2.0
1,Bithionol,S(C1=C(O)C(Cl)=CC(Cl)=C1)C2=C(O)C(Cl)=CC(Cl)=C2,356.0,2,3,2,355.881311,353.884261,65.8,19,0,282.0,0,0,0,0,0,1,Yes,,5.8,Bithionol,S(C1=C(O)C(Cl)=CC(Cl)=C1)C2=C(O)C(Cl)=CC(Cl)=C2,C12H6Cl4O2S,356.05,19,12,0.0,2,2,2,81.09,65.76,3.08,5.79,5.86,5.06,5.15,4.99,-6.03,0.000332,9.32e-07,Poorly soluble,-6.94,4.08e-05,1.15e-07,Poorly soluble,-6.3,0.00018,5.06e-07,Poorly soluble,High,No,No,No,No,Yes,No,No,-4.36,1,1,0,0,1,0.55,0,0,2,2.45
1,Hexachlorophene,C(C1=C(Cl)C(Cl)=CC(Cl)=C1O)C2=C(Cl)C(Cl)=CC(Cl)=C2O,406.9,2,2,2,405.846945,403.849896,40.5,21,0,328.0,0,0,0,0,0,1,Yes,7.5,,Hexachlorophene,C(C1=C(Cl)C(Cl)=CC(Cl)=C1O)C2=C(Cl)C(Cl)=CC(Cl)=C2O,C13H6Cl6O2,406.9,21,12,0.08,2,2,2,90.0,40.46,3.16,7.54,6.61,5.78,6.71,5.96,-7.4,1.61e-05,3.95e-08,Poorly soluble,-8.23,2.42e-06,5.96e-09,Poorly soluble,-7.78,6.74e-06,1.66e-08,Poorly soluble,High,No,No,No,No,Yes,No,No,-3.43,1,1,0,1,1,0.55,0,1,2,2.28
0,Aspirin,C(O)(=O)C1=C(OC(C)=O)C=CC=C1,180.16,1,4,3,180.04225873,180.04225873,63.6,13,0,212.0,0,0,0,0,0,1,Yes,1.2,,Aspirin,C(O)(=O)C1=C(OC(C)=O)C=CC=C1,C9H8O4,180.16,13,6,0.11,3,4,1,44.9,63.6,1.3,1.19,1.31,1.51,1.1,1.28,-1.85,2.54,0.0141,Very soluble,-2.12,1.36,0.00756,Soluble,-1.85,2.57,0.0143,Soluble,High,Yes,No,No,No,No,No,No,-6.55,0,0,0,0,1,0.85,0,1,1,1.52
0,Benzocaine,C(OCC)(=O)C1=CC=C(N)C=C1,165.19,1,3,3,165.078978594,165.078978594,52.3,12,0,151.0,0,0,0,0,0,1,Yes,1.9,,Benzocaine,C(OCC)(=O)C1=CC=C(N)C=C1,C9H11NO2,165.19,12,6,0.22,3,2,1,46.93,52.32,1.89,1.86,1.45,1.64,1.31,1.63,-2.21,1.02,0.00619,Soluble,-2.58,0.434,0.00263,Soluble,-2.51,0.509,0.00308,Soluble,High,Yes,No,No,No,No,No,No,-5.99,0,0,0,0,1,0.55,0,1,1,1.22
0,Erythromycin,O([C@@H]1[C@@H](C)[C@H](O[C@H]2C[C@](OC)(C)[C@@H](O)[C@H](C)O2)[C@@H](C)C(=O)O[C@H](CC)[C@@](C)(O)[C@H](O)[C@@H](C)C(=O)[C@H](C)C[C@@]1(C)O)[C@H]3[C@H](O)[C@@H](N(C)C)C[C@@H](C)O3,733.9,5,14,7,733.46124119,733.46124119,194.0,51,0,1180.0,0,18,0,0,0,1,Yes,2.7,,Erythromycin,O([C@@H]1[C@@H](C)[C@H](O[C@H]2C[C@](OC)(C)[C@@H](O)[C@H](C)O2)[C@@H](C)C(=O)O[C@H](CC)[C@@](C)(O)[C@H](O)[C@@H](C)C(=O)[C@H](C)C[C@@]1(C)O)[C@H]3[C@H](O)[C@@H](N(C)C)C[C@@H](C)O3,C37H67NO13,733.93,51,0,0.95,7,14,5,189.36,193.91,5.0,3.06,1.79,-0.72,0.7,1.97,-5.86,0.00102,1.39e-06,Moderately soluble,-6.8,0.000117,1.59e-07,Poorly soluble,-2.41,2.85,0.00388,Soluble,Low,No,Yes,No,No,No,No,No,-8.6,2,3,1,1,3,0.17,0,0,1,8.73
0,Benzylpenicillin,C(O)(=O)[C@@H]1N2[C@@]([C@H](NC(CC3=CC=CC=C3)=O)C2=O)(SC1(C)C)[H],334.4,2,5,4,334.09872823,334.09872823,112.0,23,0,530.0,0,3,0,0,0,1,Yes,1.8,,Benzylpenicillin,C(O)(=O)[C@@H]1N2[C@@]([C@H](NC(CC3=CC=CC=C3)=O)C2=O)(SC1(C)C)[H],C16H18N2O4S,334.39,23,6,0.44,5,4,2,89.86,112.01,1.96,1.83,0.48,1.55,1.02,1.37,-2.93,0.394,0.00118,Soluble,-3.8,0.0527,0.000158,Soluble,-2.94,0.388,0.00116,Soluble,High,No,No,No,No,No,No,No,-7.04,0,0,0,0,0,0.56,0,0,0,3.98
0,Phenytoin,O=C1C(NC(=O)N1)(C2=CC=CC=C2)C3=CC=CC=C3,252.27,2,2,2,252.08987763,252.08987763,58.2,19,0,350.0,0,0,0,0,0,1,Yes,2.5,,Phenytoin,O=C1C(NC(=O)N1)(C2=CC=CC=C2)C3=CC=CC=C3,C15H12N2O2,252.27,19,12,0.07,2,2,2,77.5,58.2,1.65,2.47,0.9,2.01,2.42,1.89,-3.3,0.128,0.000506,Soluble,-3.34,0.116,0.000461,Soluble,-5.62,0.000607,2.4e-06,Moderately soluble,High,Yes,No,No,No,No,No,No,-6.09,0,0,0,0,0,0.55,0,1,0,2.28
0,Sulisobenzone,C(=O)(C1=CC(S(=O)(=O)O)=C(OC)C=C1O)C2=CC=CC=C2,308.31,2,6,4,308.03545927,308.03545927,109.0,21,0,462.0,0,0,0,0,0,1,Yes,,2.2,Sulisobenzone,C(=O)(C1=CC(S(=O)(=O)O)=C(OC)C=C1O)C2=CC=CC=C2,C14H12O6S,308.31,21,12,0.07,4,6,2,74.69,109.28,0.72,2.18,2.96,1.23,1.27,1.67,-3.28,0.16,0.00052,Soluble,-4.11,0.024,7.79e-05,Moderately soluble,-3.75,0.0547,0.000177,Soluble,High,No,No,No,No,No,No,No,-6.63,0,0,0,0,0,0.56,0,1,0,2.64
0,Bumetrizole,OC1=C(N2N=C3C(=N2)C=C(Cl)C=C3)C=C(C)C=C1C(C)(C)C,315.8,1,3,2,315.1138399,315.1138399,50.9,22,0,400.0,0,0,0,0,0,1,Yes,,5.6,Bumetrizole,OC1=C(N2N=C3C(=N2)C=C(Cl)C=C3)C=C(C)C=C1C(C)(C)C,C17H18ClN3O,315.8,22,15,0.29,2,3,1,90.13,50.94,3.7,5.64,4.39,3.27,3.83,4.17,-5.72,0.000597,1.89e-06,Moderately soluble,-6.47,0.000106,3.36e-07,Poorly soluble,-5.85,0.000446,1.41e-06,Moderately soluble,High,Yes,No,Yes,Yes,Yes,No,No,-4.22,0,0,0,0,1,0.55,0,0,1,2.46
0,Chlorhexidine,N(C(NC(NCCCCCCNC(NC(NC1=CC=C(Cl)C=C1)=N)=N)=N)=N)C2=CC=C(Cl)C=C2,505.4,6,2,13,504.2031964,504.2031964,178.0,34,0,649.0,0,0,0,2,0,1,Yes,0.1,,Chlorhexidine,N(C(NC(NCCCCCCNC(NC(NC1=CC=C(Cl)C=C1)=N)=N)=N)=N)C2=CC=C(Cl)C=C2,C22H30Cl2N10,505.45,34,12,0.27,17,4,10,143.43,167.58,3.48,0.08,3.79,3.04,2.75,2.63,-2.16,3.47,0.00687,Soluble,-3.15,0.355,0.000702,Soluble,-9.07,4.26e-07,8.43e-10,Poorly soluble,Low,No,Yes,No,No,No,No,No,-9.33,2,2,2,1,3,0.17,0,2,2,3.64
0,Cinnamic acid,C(=C/C(O)=O)\C1=CC=CC=C1,148.16,1,2,2,148.052429494,148.052429494,37.3,11,0,155.0,0,0,0,1,0,1,Yes,2.1,,Cinnamic acid,C(=C/C(O)=O)\C1=CC=CC=C1,C9H8O2,148.16,11,6,0.0,2,2,1,43.11,37.3,1.55,2.13,1.68,1.9,1.7,1.79,-2.37,0.629,0.00425,Soluble,-2.54,0.423,0.00285,Soluble,-1.84,2.14,0.0145,Soluble,High,Yes,No,No,No,No,No,No,-5.69,0,2,0,0,1,0.85,0,1,1,1.67
0,Drometrizole,OC1=C(N2N=C3C(=N2)C=CC=C3)C=C(C)C=C1,225.25,1,3,1,225.090211983,225.090211983,50.9,17,0,259.0,0,0,0,0,0,1,Yes,4.3,,Drometrizole,OC1=C(N2N=C3C(=N2)C=CC=C3)C=C(C)C=C1,C13H11N3O,225.25,17,15,0.08,1,3,1,65.85,50.94,2.16,4.31,2.43,1.75,1.95,2.52,-4.54,0.00651,2.89e-05,Moderately soluble,-5.09,0.00182,8.06e-06,Moderately soluble,-4.05,0.0201,8.91e-05,Moderately soluble,High,Yes,No,Yes,Yes,No,Yes,Yes,-4.61,0,0,0,0,0,0.55,0,0,2,1.88
0,L-Histidine,C([C@@H](C(O)=O)N)C1=CN=CN1,155.15,3,4,3,155.069476538,155.069476538,92.0,11,0,151.0,0,1,0,0,0,1,Yes,,-3.2,L-Histidine,C([C@@H](C(O)=O)N)C1=CN=CN1,C6H9N3O2,155.15,11,5,0.33,3,4,3,37.65,92.0,-0.03,-3.23,-0.64,-3.74,-0.06,-1.54,1.09,1930.0,12.4,Highly soluble,1.87,11500.0,73.9,Highly soluble,-0.69,31.8,0.205,Soluble,High,No,No,No,No,No,No,No,-9.54,0,3,0,0,2,0.55,0,0,1,2.29
0,Enzacamene,CC12C(C)(C)C(C(=CC3=CC=C(C)C=C3)C1=O)CC2,254.4,0,1,1,254.167065321,254.167065321,17.1,19,0,423.0,0,0,2,1,0,1,Yes,,4.5,Enzacamene,CC12C(C)(C)C(C(=CC3=CC=C(C)C=C3)C1=O)CC2,C18H22O,254.37,19,6,0.5,1,1,0,80.21,17.07,3.14,4.51,4.29,4.02,5.14,4.22,-4.43,0.00954,3.75e-05,Moderately soluble,-4.59,0.00654,2.57e-05,Moderately soluble,-5.55,0.000709,2.79e-06,Moderately soluble,High,Yes,No,No,Yes,Yes,Yes,No,-4.65,0,0,0,0,1,0.55,0,1,1,4.28
0,Octrizole,OC=1C(N2N=C3C(=N2)C=CC=C3)=CC(C(CC(C)(C)C)(C)C)=CC1,323.4,1,3,4,323.199762429,323.199762429,50.9,24,0,417.0,0,0,0,0,0,1,Yes,7.3,,Octrizole,OC=1C(N2N=C3C(=N2)C=CC=C3)=CC(C(CC(C)(C)C)(C)C)=CC1,C20H25N3O,323.43,24,15,0.4,4,3,1,99.13,50.94,3.87,7.35,4.84,3.46,3.9,4.69,-6.67,6.85e-05,2.12e-07,Poorly soluble,-8.25,1.83e-06,5.65e-09,Poorly soluble,-6.07,0.000275,8.51e-07,Poorly soluble,High,Yes,No,Yes,Yes,Yes,No,No,-3.05,0,0,0,0,1,0.55,0,0,1,2.67
0,Octyl methoxycinnamate,C(=CC(OCC(CCCC)CC)=O)C1=CC=C(OC)C=C1,290.4,0,3,10,290.18819469,290.18819469,35.5,21,0,304.0,0,0,1,0,1,1,Yes,,5.3,Octyl methoxycinnamate,C(=CC(OCC(CCCC)CC)=O)C1=CC=C(OC)C=C1,C18H26O3,290.4,21,6,0.5,10,3,0,87.57,35.53,3.84,5.3,4.36,3.68,4.87,4.41,-4.53,0.00855,2.95e-05,Moderately soluble,-5.8,0.000463,1.6e-06,Moderately soluble,-5.14,0.00208,7.18e-06,Moderately soluble,High,Yes,No,Yes,Yes,Yes,No,No,-4.31,0,0,0,0,1,0.55,0,1,2,3.31
0,Octyl salicylate,C(OCCCCCCCC)(=O)C1=C(O)C=CC=C1,250.33,1,3,9,250.15689456,250.15689456,46.5,18,0,228.0,0,0,0,0,0,1,Yes,6.8,,Octyl salicylate,C(OCCCCCCCC)(=O)C1=C(O)C=CC=C1,C15H22O3,250.33,18,6,0.53,9,3,1,73.39,46.53,1.68,6.8,3.91,3.31,3.85,3.91,-5.33,0.00117,4.69e-06,Moderately soluble,-7.58,6.51e-06,2.6e-08,Poorly soluble,-4.74,0.00459,1.83e-05,Moderately soluble,High,Yes,No,Yes,No,No,No,No,-3.0,0,0,0,0,1,0.55,0,0,2,2.19
0,4-Aminobenzoic acid,C(O)(=O)C1=CC=C(N)C=C1,137.14,2,3,1,137.047678466,137.047678466,63.3,10,0,128.0,0,0,0,0,0,1,Yes,0.8,,4-Aminobenzoic acid,C(O)(=O)C1=CC=C(N)C=C1,C7H7NO2,137.14,10,6,0.0,1,2,2,37.81,63.32,0.82,0.83,0.98,-0.12,0.5,0.6,-1.59,3.52,0.0256,Very soluble,-1.74,2.48,0.0181,Very soluble,-1.38,5.69,0.0415,Soluble,High,Yes,No,No,No,No,No,No,-6.55,0,3,0,0,1,0.85,0,1,1,1.0
0,Sodium dodecyl sulfate,C(CCCCCCCCCC)COS(=O)(=O)O.[Na],288.38,0,4,12,288.13712473,288.13712473,74.8,18,0,249.0,0,0,0,0,0,2,Yes,,,Sodium dodecyl sulfate,C(CCCCCCCCCC)COS(=O)(=O)O.[Na],C12H26NaO4S,289.39,18,0,1.0,12,4,1,71.42,71.98,-6.71,4.74,4.81,2.53,2.52,1.58,-3.83,0.043,0.000148,Soluble,-5.98,0.000302,1.04e-06,Moderately soluble,-3.81,0.0446,0.000154,Soluble,High,No,Yes,No,No,No,No,No,-4.7,0,0,1,0,0,0.85,0,1,2,3.2
1,Tetracycline,O[C@@]12[C@@](C[C@]3(C(=C1O)C(=O)C=4C([C@@]3(C)O)=CC=CC4O)[H])([C@H](N(C)C)C(O)=C(C(N)=O)C2=O)[H],444.4,6,9,2,444.15326573,444.15326573,182.0,32,0,971.0,0,5,0,0,0,1,Yes,-2.0,,Tetracycline,O[C@@]12[C@@](C[C@]3(C(=C1O)C(=O)C=4C([C@@]3(C)O)=CC=CC4O)[H])([C@H](N(C)C)C(O)=C(C(N)=O)C2=O)[H],C22H24N2O8,444.43,32,6,0.41,2,9,6,110.22,181.62,1.51,-1.3,-0.32,-2.08,-0.59,-0.56,-1.78,7.32,0.0165,Very soluble,-2.02,4.28,0.00963,Soluble,-1.82,6.68,0.015,Soluble,Low,No,No,No,No,No,No,No,-9.93,1,0,1,1,2,0.11,0,1,1,5.04
1,Musk ketone,C(C)(C)(C)C1=C(N(=O)=O)C(C)=C(C(C)=O)C(C)=C1N(=O)=O,294.3,0,5,2,294.12157168,294.12157168,109.0,21,0,418.0,0,0,0,0,0,1,Yes,,3.7,Musk ketone,C(C)(C)(C)C1=C(N(=O)=O)C(C)=C(C(C)=O)C(C)=C1N(=O)=O,C14H18N2O5,294.3,21,6,0.5,4,5,0,83.48,108.71,2.19,4.6,4.67,1.19,1.03,2.74,-4.51,0.00909,3.09e-05,Moderately soluble,-6.61,7.27e-05,2.47e-07,Poorly soluble,-4.43,0.011,3.72e-05,Moderately soluble,High,No,Yes,No,Yes,No,Yes,No,-4.83,0,0,0,0,0,0.55,0,1,1,2.32
1,Methyl-N-methylanthranilate,C(OC)(=O)C1=C(NC)C=CC=C1,165.19,1,3,3,165.078978594,165.078978594,38.3,12,0,159.0,0,0,0,0,0,1,Yes,2.3,,Methyl-N-methylanthranilate,C(OC)(=O)C1=C(NC)C=CC=C1,C9H11NO2,165.19,12,6,0.22,3,2,1,47.03,38.33,2.02,2.55,1.32,1.64,1.38,1.78,-2.64,0.376,0.00228,Soluble,-3.0,0.164,0.000995,Soluble,-2.9,0.206,0.00125,Soluble,High,Yes,No,Yes,No,No,No,No,-5.5,0,0,0,0,1,0.55,0,0,1,1.27
1,Methyl beta-naphthylketone,C(C)(=O)C1=CC2=C(C=C1)C=CC=C2,170.21,0,1,1,170.073164938,170.073164938,17.1,13,0,197.0,0,0,0,0,0,1,Yes,3.2,,Methyl beta-naphthylketone,C(C)(=O)C1=CC2=C(C=C1)C=CC=C2,C12H10O,170.21,13,10,0.08,1,1,0,54.14,17.07,2.06,2.64,3.04,2.76,3.33,2.77,-3.06,0.148,0.000868,Soluble,-2.65,0.382,0.00224,Soluble,-4.4,0.00673,3.95e-05,Moderately soluble,High,Yes,No,Yes,No,No,No,No,-5.46,0,0,0,0,2,0.55,0,0,1,1.0
1,Bergapten,O(C)C=1C2=C(C=C3C1C=CO3)OC(=O)C=C2,216.19,0,4,1,216.04225873,216.04225873,48.7,16,0,325.0,0,0,0,0,0,1,Yes,,2.3,Bergapten,O(C)C=1C2=C(C=C3C1C=CO3)OC(=O)C=C2,C12H8O4,216.19,16,13,0.08,1,4,0,58.75,52.58,2.29,1.93,2.55,1.18,2.88,2.16,-2.93,0.253,0.00117,Soluble,-2.66,0.475,0.0022,Soluble,-4.63,0.00501,2.32e-05,Moderately soluble,High,Yes,No,Yes,No,No,No,No,-6.25,0,0,0,0,0,0.55,0,1,1,2.9
1,Tribromosalicylanilide,C(NC1=CC=C(Br)C=C1)(=O)C2=C(O)C(Br)=CC(Br)=C2,449.92,2,2,2,448.80847,446.81052,49.3,19,0,321.0,0,0,0,0,0,1,Yes,,5.0,Tribromosalicylanilide,C(NC1=CC=C(Br)C=C1)(=O)C2=C(O)C(Br)=CC(Br)=C2,C13H8Br3NO2,449.92,19,12,0.0,3,2,2,85.78,49.33,2.87,5.34,4.74,4.34,4.12,4.28,-6.26,0.000246,5.46e-07,Poorly soluble,-6.13,0.000335,7.44e-07,Poorly soluble,-6.77,7.62e-05,1.69e-07,Poorly soluble,High,Yes,No,Yes,Yes,Yes,No,No,-5.25,1,0,0,0,1,0.55,0,0,2,1.77
1,Tetrachlorosalicylanilide,C(NC1=CC=CC=C1)(=O)C2=C(Cl)C(Cl)=C(Cl)C(Cl)=C2O,351.0,2,2,2,350.920139,348.923089,49.3,20,0,351.0,0,0,0,0,0,1,Yes,,5.5,Tetrachlorosalicylanilide,C(NC1=CC=CC=C1)(=O)C2=C(Cl)C(Cl)=C(Cl)C(Cl)=C2O,C13H7Cl4NO2,351.01,20,12,0.0,3,2,2,82.72,49.33,2.14,5.46,5.07,4.48,4.66,4.36,-5.7,0.000697,1.99e-06,Moderately soluble,-6.25,0.000196,5.59e-07,Poorly soluble,-6.76,6.04e-05,1.72e-07,Poorly soluble,High,Yes,No,No,Yes,Yes,No,No,-4.56,1,0,0,0,1,0.55,0,2,2,1.88
0,Camphor sulfonic acid,C(S(=O)(=O)O)C12C(C)(C)C(CC1=O)CC2,232.3,1,4,2,232.07693016,232.07693016,79.8,15,0,404.0,0,0,2,0,0,1,Yes,,0.5,Camphor sulfonic acid,C(S(=O)(=O)O)C12C(C)(C)C(CC1=O)CC2,C10H16O4S,232.3,15,0,0.9,2,4,1,56.17,79.82,0.63,0.54,2.35,1.06,1.07,1.13,-1.49,7.54,0.0325,Very soluble,-1.79,3.79,0.0163,Very soluble,-1.99,2.37,0.0102,Soluble,High,No,No,No,No,No,No,No,-7.33,0,0,0,0,0,0.56,0,1,1,4.69
0,Octyl methacrylate,O(C(C(C)=C)=O)CCCCCCCC,198.3,0,2,9,198.16197994,198.16197994,26.3,14,0,173.0,0,0,0,0,0,1,Yes,5.0,,Octyl methacrylate,O(C(C(C)=C)=O)CCCCCCCC,C12H22O2,198.3,14,0,0.75,9,2,0,60.61,26.3,3.51,5.05,3.47,3.04,3.48,3.71,-3.66,0.0437,0.00022,Soluble,-5.34,0.000898,4.53e-06,Moderately soluble,-3.63,0.0467,0.000236,Soluble,High,Yes,No,Yes,No,No,No,No,-3.92,0,0,0,0,2,0.55,0,1,3,2.31
0,Methyl salicylate,C(OC)(=O)C1=C(O)C=CC=C1,152.15,1,3,2,152.047344113,152.047344113,46.5,11,0,144.0,0,0,0,0,0,1,Yes,2.3,,Methyl salicylate,C(OC)(=O)C1=C(O)C=CC=C1,C8H8O3,152.15,11,6,0.12,2,3,1,39.74,46.53,2.03,2.55,1.18,1.32,1.21,1.66,-2.66,0.332,0.00218,Soluble,-3.17,0.102,0.000669,Soluble,-1.88,2.0,0.0132,Soluble,High,Yes,No,No,No,No,No,No,-5.42,0,3,0,0,1,0.55,0,0,1,1.11
0,Lactic acid,C(C(O)=O)(C)O,90.08,2,3,1,90.031694049,90.031694049,57.5,6,0,59.1,0,0,1,0,0,1,Yes,-0.7,,Lactic acid,C(C(O)=O)(C)O,C3H6O3,90.08,6,0,0.67,1,3,2,19.47,57.53,0.52,-0.72,-0.55,-0.85,-0.8,-0.48,0.12,119.0,1.32,Highly soluble,-0.01,87.6,0.972,Very soluble,0.98,866.0,9.62,Soluble,High,No,No,No,No,No,No,No,-7.36,0,4,0,0,2,0.85,0,0,1,1.29
0,Dimethyl sulfoxide,S(C)(C)=O,78.14,0,2,0,78.01393598,78.01393598,36.3,4,0,29.0,0,0,0,0,0,1,Yes,,-0.6,Dimethyl sulfoxide,S(C)(C)=O,C2H6OS,78.13,4,0,1.0,0,1,0,20.01,36.28,1.03,-0.61,0.86,-0.37,-0.64,0.05,0.06,89.7,1.15,Highly soluble,0.32,163.0,2.09,Highly soluble,-0.55,22.1,0.283,Soluble,High,Yes,No,No,No,No,No,No,-7.21,0,3,0,0,2,0.55,0,0,1,1.64
0,Sodium lauryl sulfate,C(CCCCCCCCCC)COS(=O)(=O)O.[Na],288.38,0,4,12,288.13712473,288.13712473,74.8,18,0,249.0,0,0,0,0,0,2,Yes,,,Sodium lauryl sulfate,C(CCCCCCCCCC)COS(=O)(=O)O.[Na],C12H26NaO4S,289.39,18,0,1.0,12,4,1,71.42,71.98,-6.71,4.74,4.81,2.53,2.52,1.58,-3.83,0.043,0.000148,Soluble,-5.98,0.000302,1.04e-06,Moderately soluble,-3.81,0.0446,0.000154,Soluble,High,No,Yes,No,No,No,No,No,-4.7,0,0,1,0,0,0.85,0,1,2,3.2
0,Sodium laurate,C(CCCCCCCC)CCC(O)=O.[Na],222.3,0,2,10,222.15957425,222.15957425,40.1,15,0,138.0,0,0,0,0,0,2,Yes,,,Sodium laurate,C(CCCCCCCC)CCC(O)=O.[Na],C12H24NaO2,223.31,15,0,0.92,10,2,1,61.57,37.3,-6.38,4.2,3.99,3.15,3.5,1.69,-3.21,0.138,0.000616,Soluble,-4.69,0.00453,2.03e-05,Moderately soluble,-3.69,0.0452,0.000202,Soluble,High,Yes,Yes,No,No,No,No,No,-4.68,0,0,0,0,0,0.85,0,0,3,2.02
0,Propylene glycol,C(CO)(C)O,76.09,2,2,1,76.052429494,76.052429494,40.5,5,0,20.9,0,0,1,0,0,1,Yes,-0.9,,Propylene glycol,C(CO)(C)O,C3H8O2,76.09,5,0,1.0,1,2,2,18.86,40.46,1.0,-0.92,-0.64,-0.63,-0.54,-0.35,0.33,164.0,2.16,Highly soluble,0.55,272.0,3.58,Highly soluble,0.56,275.0,3.61,Soluble,High,No,No,No,No,No,No,No,-7.42,0,4,0,0,2,0.55,0,0,1,1.18
0,Isopropyl myristate,C(CCCCCCCCCCCC)C(OC(C)C)=O,270.5,0,2,14,270.255880323,270.255880323,26.3,19,0,199.0,0,0,0,0,0,1,Yes,,7.2,Isopropyl myristate,C(CCCCCCCCCCCC)C(OC(C)C)=O,C17H34O2,270.45,19,0,0.94,14,2,0,85.12,26.3,4.68,7.21,5.64,4.44,5.67,5.53,-5.14,0.00198,7.33e-06,Moderately soluble,-7.59,7.03e-06,2.6e-08,Poorly soluble,-5.64,0.000624,2.31e-06,Moderately soluble,High,Yes,No,Yes,No,No,No,No,-2.83,1,1,1,0,1,0.55,0,0,2,2.68
0,Glycerine,C(CO)(CO)O,92.09,3,3,2,92.047344113,92.047344113,60.7,6,0,25.2,0,0,0,0,0,1,Yes,-1.8,,Glycerine,C(CO)(CO)O,C3H8O3,92.09,6,0,1.0,2,3,3,20.02,60.69,0.45,-1.76,-1.67,-1.51,-0.96,-1.09,0.83,622.0,6.76,Highly soluble,1.0,922.0,10.0,Highly soluble,1.08,1110.0,12.0,Soluble,High,No,No,No,No,No,No,No,-8.11,0,4,0,0,2,0.55,0,0,1,1.31
0,Ethanol,C(C)O,46.07,1,1,0,46.041864811,46.041864811,20.2,3,0,2.8,0,0,0,0,0,1,Yes,,-0.1,Ethanol,C(C)O,C2H6O,46.07,3,0,1.0,0,1,1,12.89,20.23,1.1,-0.09,0.0,-0.23,-0.32,0.09,-0.07,39.3,0.853,Very soluble,0.12,60.4,1.31,Highly soluble,0.13,62.0,1.35,Soluble,Low,No,No,No,No,No,No,No,-6.64,0,3,0,0,3,0.55,0,0,1,1.0
0,Coumarin,O=C1OC=2C(C=C1)=CC=CC2,146.14,0,2,0,146.03677943,146.03677943,26.3,11,0,196.0,0,0,0,0,0,1,Yes,1.4,,Coumarin,O=C1OC=2C(C=C1)=CC=CC2,C9H6O2,146.14,11,10,0.0,0,2,0,42.48,30.21,1.75,1.39,1.79,1.65,2.5,1.82,-2.29,0.742,0.00508,Soluble,-1.63,3.44,0.0235,Very soluble,-3.59,0.0377,0.000258,Soluble,High,Yes,No,Yes,No,No,No,No,-6.2,0,2,0,0,1,0.55,0,1,1,2.74
0,Cetyl alcohol,C(CCCCCCCC)CCCCCCCO,242.44,1,1,14,242.260965704,242.260965704,20.2,17,0,123.0,0,0,0,0,0,1,Yes,7.3,,Cetyl alcohol,C(CCCCCCCC)CCCCCCCO,C16H34O,242.44,17,0,1.0,14,1,1,80.19,20.23,4.41,7.11,5.46,4.45,5.65,5.42,-4.9,0.00306,1.26e-05,Moderately soluble,-7.35,1.07e-05,4.43e-08,Poorly soluble,-5.77,0.000412,1.7e-06,Moderately soluble,High,Yes,No,Yes,No,No,No,No,-2.73,1,0,1,0,2,0.55,0,0,3,2.29
0,Ascorbic acid,[C@@H](CO)(O)[C@@]1(C(O)=C(O)C(=O)O1)[H],176.12,4,6,2,176.03208797,176.03208797,107.0,12,0,232.0,0,2,0,0,0,1,Yes,-1.6,,Ascorbic acid,[C@@H](CO)(O)[C@@]1(C(O)=C(O)C(=O)O1)[H],C6H8O6,176.12,12,0,0.5,2,6,4,35.12,107.22,-0.31,-1.64,-1.41,-2.6,-1.15,-1.42,0.23,301.0,1.71,Highly soluble,-0.1,140.0,0.793,Very soluble,1.49,5460.0,31.0,Soluble,High,No,No,No,No,No,No,No,-8.54,0,2,0,0,1,0.56,0,0,1,3.47
0,Isopropanol,C(C)(C)O,60.1,1,1,0,60.057514874,60.057514874,20.2,4,0,10.8,0,0,0,0,0,1,Yes,,0.3,Isopropanol,C(C)(C)O,C3H8O,60.1,4,0,1.0,0,1,1,17.7,20.23,1.38,0.34,0.39,0.29,-0.13,0.45,-0.43,22.5,0.374,Very soluble,-0.33,28.2,0.469,Very soluble,0.05,67.0,1.11,Soluble,High,No,No,No,No,No,No,No,-6.43,0,3,0,0,3,0.55,0,0,1,1.0
0,Sulfanilamide,S(N)(=O)(=O)C1=CC=C(N)C=C1,172.21,2,4,1,172.03064868,172.03064868,94.6,11,0,211.0,0,0,0,0,0,1,Yes,-0.6,,Sulfanilamide,S(N)(=O)(=O)C1=CC=C(N)C=C1,C6H8N2O2S,172.2,11,6,0.0,1,3,2,41.84,94.56,0.61,-0.62,1.01,-0.3,-0.73,-0.01,-0.85,24.1,0.14,Very soluble,-0.89,22.0,0.128,Very soluble,-1.6,4.33,0.0251,Soluble,High,No,No,No,No,No,No,No,-7.79,0,1,0,0,1,0.55,0,1,1,1.6
0,Triclocarban,N(C(NC1=CC=C(Cl)C=C1)=O)C2=CC(Cl)=C(Cl)C=C2,315.6,2,1,2,313.978046,313.978046,41.1,19,0,308.0,0,0,0,0,0,1,Yes,5.3,,Triclocarban,N(C(NC1=CC=C(Cl)C=C1)=O)C2=CC(Cl)=C(Cl)C=C2,C13H9Cl3N2O,315.58,19,12,0.0,4,1,2,80.19,41.13,2.93,5.33,4.91,4.52,3.71,4.28,-5.36,0.00138,4.39e-06,Moderately soluble,-5.95,0.000357,1.13e-06,Moderately soluble,-6.8,5.05e-05,1.6e-07,Poorly soluble,High,Yes,No,Yes,Yes,Yes,No,No,-4.44,1,0,0,0,1,0.55,0,0,1,1.93
0,Musk xylene,C(C)(C)(C)C1=C(N(=O)=O)C(C)=C(N(=O)=O)C(C)=C1N(=O)=O,297.26,0,6,1,297.09608521,297.09608521,138.0,21,0,416.0,0,0,0,0,0,1,Yes,,3.8,Musk xylene,C(C)(C)(C)C1=C(N(=O)=O)C(C)=C(N(=O)=O)C(C)=C1N(=O)=O,C12H15N3O6,297.26,21,6,0.5,4,6,0,82.11,137.46,1.82,4.74,4.9,0.57,-1.12,2.18,-4.62,0.00719,2.42e-05,Moderately soluble,-7.36,1.31e-05,4.4e-08,Poorly soluble,-3.95,0.0333,0.000112,Soluble,Low,No,Yes,No,Yes,Yes,Yes,No,-4.75,0,0,0,1,0,0.55,0,1,1,2.12
0,Musk ambrette,O(C)C1=C(N(=O)=O)C(C)=C(N(=O)=O)C=C1C(C)(C)C,268.27,0,5,2,268.10592162,268.10592162,101.0,19,0,355.0,0,0,0,0,0,1,Yes,,3.6,Musk ambrette,O(C)C1=C(N(=O)=O)C(C)=C(N(=O)=O)C=C1C(C)(C)C,C12H16N2O5,268.27,19,6,0.5,4,5,0,74.81,100.87,1.79,3.59,4.16,1.0,0.11,2.13,-3.73,0.0494,0.000184,Soluble,-5.39,0.00108,4.03e-06,Moderately soluble,-3.84,0.0385,0.000144,Soluble,High,No,Yes,No,Yes,No,Yes,No,-5.39,0,0,0,0,0,0.55,0,1,1,2.14
0,Octocrylene,C(=C(C(OCC(CCCC)CC)=O)C#N)(C1=CC=CC=C1)C2=CC=CC=C2,361.5,0,3,10,361.204179104,361.204179104,50.1,27,0,510.0,0,0,1,0,0,1,Yes,,7.1,Octocrylene,C(=C(C(OCC(CCCC)CC)=O)C#N)(C1=CC=CC=C1)C2=CC=CC=C2,C24H27NO2,361.48,27,12,0.33,10,3,0,110.12,50.09,3.87,7.14,5.77,4.43,6.06,5.45,-6.25,0.000204,5.65e-07,Poorly soluble,-8.01,3.51e-06,9.72e-09,Poorly soluble,-7.58,9.53e-06,2.64e-08,Poorly soluble,High,Yes,Yes,Yes,Yes,Yes,Yes,Yes,-3.44,1,1,0,0,1,0.55,0,2,3,3.98
